age,monthly_income,account_balance,login_frequency,support_tickets,churn
22,52477.92,132666.64,8,5,1
58,50838.36,194845.58,13,2,1
52,75379.32,188016.14,10,3,0
40,76382.08,120464.3,7,0,0
40,49298.26,5000.0,15,1,0
62,51936.75,53653.66,10,5,1
22,70822.62,165800.05,11,0,0
54,43448.32,26984.91,13,2,0
28,51789.32,100398.44,14,1,1
22,61791.86,140308.84,7,3,0
45,79918.77,208174.24,10,0,0
68,47908.03,85498.82,7,1,1
56,23152.31,81390.74,9,0,1
57,21668.05,116853.25,15,1,1
55,34811.74,141054.78,15,0,0
58,33736.65,110745.19,12,3,0
44,56907.78,182956.1,10,3,0
24,36222.4,72051.37,9,2,1
61,45944.9,127209.66,8,0,1
41,44518.28,146712.76,13,2,1
44,51189.84,95986.03,14,1,0
37,86450.09,170382.6,8,1,0
27,73238.95,128937.51,10,3,1
66,60322.59,167330.74,14,3,1
58,50779.47,131646.25,9,0,1
51,51335.35,142584.27,11,3,1
38,66554.93,82056.49,16,4,1
60,71683.38,82153.7,12,2,0
46,41847.65,193463.79,9,1,0
41,60729.62,158130.63,13,0,1
41,19367.61,58622.09,8,6,1
29,64234.28,130851.81,7,2,0
22,75242.98,5000.0,12,4,1
46,54398.63,85563.59,8,4,1
64,96330.54,177661.66,10,0,1
21,42375.23,112491.26,11,1,0
62,64348.81,127074.76,9,1,0
61,59283.51,5000.0,12,2,1
32,57994.05,96464.78,15,2,1
50,57713.56,140296.33,13,2,1
26,62142.1,147917.39,23,5,1
57,76959.17,177741.34,13,2,0
54,87554.72,107384.53,13,1,1
36,59955.0,110060.65,17,1,0
21,76306.32,40072.95,8,0,0
68,45964.66,107728.71,17,1,1
41,75319.11,44305.5,14,2,0
64,44760.17,9127.79,7,1,1
53,81813.2,54889.24,15,2,1
58,104212.82,210521.09,11,2,0
57,57558.32,103766.33,8,1,1
28,16149.13,133192.64,10,2,0
36,49038.54,89190.22,14,3,1
42,84637.5,12566.94,16,1,0
43,71061.54,176166.79,11,3,1
20,64978.27,5000.0,16,2,0
46,80173.37,86712.44,7,1,1
26,69689.07,116723.11,13,3,0
56,84354.5,133829.38,13,2,1
53,78388.47,76411.82,10,1,0
65,90434.01,9722.31,14,1,0
56,67175.92,71934.4,20,4,1
37,78105.19,75074.52,14,0,1
68,53857.46,73614.39,10,3,0
39,47970.78,178203.52,18,2,0
34,94135.35,47183.83,19,2,1
65,64324.09,138058.76,16,2,0
37,76097.61,129497.82,13,0,1
21,62474.8,177627.3,18,1,0
42,48269.69,112012.09,7,1,0
59,60219.66,167467.86,5,4,1
27,88719.88,109666.79,13,3,0
42,71104.8,146063.55,13,0,0
24,25770.54,29823.53,9,2,0
53,55695.11,5000.0,10,2,1
42,95645.88,142652.81,10,1,1
35,55724.06,145870.99,11,1,1
29,23990.43,148530.14,16,3,1
47,97860.98,88504.05,12,2,0
52,73647.85,209383.34,12,3,0
66,58599.74,92407.33,16,3,1
40,52571.65,145252.74,7,2,1
26,81647.04,155678.17,12,1,0
61,49160.33,223124.41,10,4,1
50,82965.13,100978.22,16,1,1
54,70843.91,80808.43,13,2,1
23,64893.64,30111.28,15,0,1
34,62910.3,213142.02,14,0,0
57,56500.64,145284.65,8,1,1
61,80912.8,147183.67,11,1,1
40,42693.14,307002.25,11,0,0
59,27561.5,139502.68,16,3,0
61,72288.8,41860.72,6,2,1
38,72624.77,108245.79,12,3,0
64,69604.82,61513.06,15,1,0
32,68154.57,96247.9,6,1,1
30,53589.19,95844.62,13,7,1
53,75749.65,84778.54,9,4,1
51,59088.84,36403.05,11,4,0
25,50257.73,215550.1,11,1,0
61,53762.17,137930.88,10,1,1
28,100412.79,106471.68,12,0,0
59,25300.48,165458.27,14,1,0
18,69995.76,148264.04,12,3,1
59,26417.79,136541.44,13,1,0
58,57835.33,161099.88,11,3,1
58,51327.45,128036.08,11,3,1
52,18299.43,160213.29,9,1,0
42,67780.75,165186.74,8,2,1
54,52399.24,129763.12,11,4,1
32,18015.87,106776.33,9,3,0
58,76791.36,211823.87,11,5,0
46,88700.12,91325.91,7,1,1
41,89802.49,143478.82,5,1,0
44,67179.13,144834.5,12,2,0
47,60921.16,83426.53,10,2,0
19,86563.13,71530.66,10,3,0
25,93647.67,98768.88,7,1,0
30,82671.37,90466.99,13,2,0
23,41169.25,32512.17,12,4,1
40,64026.9,80910.3,15,2,1
52,68790.32,135973.38,6,0,0
52,23807.66,195956.62,16,1,1
42,69387.21,153263.48,11,1,0
62,105459.84,5000.0,9,3,1
47,72798.72,158478.22,13,4,0
22,89468.26,86510.89,12,3,0
57,63658.29,147184.8,19,2,0
47,58535.63,119151.88,21,2,1
51,67625.43,108438.74,16,5,1
47,43683.47,113865.86,13,0,0
46,40724.5,118654.54,8,1,1
22,85326.09,200664.3,9,2,0
47,87446.85,118820.39,16,1,0
59,40177.87,185132.17,15,2,1
33,79359.98,176394.35,11,1,1
49,58260.8,160022.73,13,0,0
19,66796.17,12802.87,14,4,1
36,69204.37,186997.96,16,1,0
40,79887.01,92525.92,14,1,0
69,61654.36,162943.64,15,0,1
29,88203.24,61648.03,12,1,0
32,66188.26,48895.56,8,3,1
39,72483.69,238583.32,11,2,0
69,43334.75,62581.02,8,1,0
62,103173.18,188766.4,14,3,1
19,69396.5,127105.22,10,0,0
30,74259.95,94792.8,7,2,1
60,27836.28,117310.27,7,1,0
21,43545.96,41934.33,5,2,1
62,84757.67,119174.74,16,4,1
32,65737.82,55035.58,19,4,1
65,21724.41,96273.37,13,3,1
33,80765.8,175517.97,12,3,0
40,49124.34,135251.44,18,2,0
52,88226.34,31069.77,8,1,0
24,58243.29,171089.29,13,0,1
46,64094.13,119574.01,7,1,0
44,83579.09,87468.88,15,2,0
58,42050.14,164800.58,12,3,1
69,40143.06,109967.59,18,2,0
52,56070.03,50060.32,9,2,1
39,76543.46,230868.58,15,2,0
39,33382.45,118962.75,8,1,1
39,26639.31,115116.89,9,0,0
60,76474.42,95693.69,15,4,1
34,47940.43,190797.94,16,4,1
26,52155.48,88507.29,11,4,1
35,22863.79,27301.21,2,7,1
19,46420.41,79279.34,9,4,0
23,59848.65,199606.48,8,5,1
22,78607.56,169927.93,13,3,1
58,44575.4,104699.06,10,1,1
55,93147.52,202395.31,12,5,0
54,46308.88,164876.53,7,1,1
42,46338.16,104004.64,10,0,1
55,90747.15,110045.41,20,2,1
26,64229.2,139759.06,18,3,0
64,48959.51,70086.78,8,2,1
44,56897.34,120270.3,9,4,0
66,87061.47,138510.8,6,0,0
25,89324.06,18782.03,15,2,1
43,43664.14,108640.78,10,1,1
54,59151.32,101816.63,12,1,1
43,61803.14,181684.08,16,1,0
41,40275.2,9330.18,11,5,1
26,58886.3,97109.64,9,1,1
37,60106.46,91094.72,11,1,0
30,82804.19,177604.26,17,2,0
33,84148.5,117387.21,17,3,1
53,53415.81,227765.68,10,5,1
50,55720.94,159732.8,11,1,0
49,73285.85,95386.62,13,2,0
36,48296.23,134379.52,12,4,0
67,71772.8,98755.87,14,4,0
22,58241.87,171563.77,9,1,0
35,40612.03,40068.14,10,3,1
24,40863.27,70578.24,12,0,0
35,88941.17,147341.4,15,1,1
68,56871.57,193545.39,12,8,1
37,92807.08,5000.0,14,1,0
65,49727.27,202468.27,9,4,0
43,65824.1,111591.89,14,3,1
54,107853.53,6967.5,7,2,1
41,38852.27,5000.0,8,3,1
31,22043.71,28236.84,9,4,0
57,85731.8,118817.71,9,1,0
68,43463.82,116046.12,14,3,1
31,59585.87,157992.03,17,1,1
58,48281.64,87030.77,8,2,0
31,65363.26,53517.57,10,3,1
55,40989.28,95214.82,12,3,0
59,56401.2,122016.62,11,2,0
41,68996.31,133846.37,15,3,1
56,39833.82,72650.12,9,3,0
32,45998.32,174086.8,19,4,1
22,53052.34,82716.19,13,2,1
23,31423.69,67816.96,12,2,1
41,51548.78,87456.51,8,0,1
64,62375.93,184490.41,9,2,0
24,52009.02,112032.21,9,1,0
41,54572.47,78329.19,14,0,1
54,59601.97,175566.47,17,1,0
28,46885.13,248564.91,8,6,1
55,73821.25,132580.96,10,0,1
33,88719.56,194030.55,14,0,1
60,50712.39,182164.68,15,2,1
48,69703.96,83661.61,10,1,1
46,55207.66,121598.05,10,2,1
27,67309.75,43047.32,9,4,1
42,91315.59,107703.46,12,4,0
62,70173.19,82428.58,11,1,0
19,24531.71,95826.84,10,0,0
57,69079.91,75006.3,11,2,1
43,84657.27,102774.19,16,2,1
55,55568.08,151933.96,3,1,1
52,79912.7,112830.49,6,1,0
40,46197.69,8137.61,5,0,1
34,30289.22,75232.77,15,4,1
50,62823.38,28836.04,14,4,1
25,24870.47,134643.61,13,1,1
48,55204.58,150199.04,6,0,1
22,85736.85,135392.89,6,2,0
51,21804.74,72755.74,22,3,0
50,34410.06,134811.24,9,5,1
22,39359.36,91793.14,10,0,0
57,58733.6,51706.47,13,3,0
39,52685.66,164515.8,12,2,0
58,87982.73,169081.67,17,1,0
20,79086.97,176933.73,16,3,1
27,69905.46,83499.08,11,5,1
43,62912.61,190761.74,11,2,1
27,67864.6,90385.06,16,1,0
35,42760.35,159210.08,7,1,0
52,77144.21,89345.24,18,2,0
25,37759.11,106561.07,11,4,1
53,76707.54,5000.0,9,1,0
23,83722.85,101885.21,12,4,1
27,64217.29,125465.4,14,1,1
48,56475.74,95397.02,12,4,1
59,68006.2,225371.28,13,2,0
26,15000.0,50252.03,9,2,0
33,66045.16,86185.13,9,2,1
66,57732.92,65707.64,10,0,0
69,58987.44,86173.38,11,2,1
48,74130.65,181884.78,12,5,1
41,58504.62,208681.91,12,2,0
36,37195.86,77952.44,12,2,0
49,57171.95,76619.55,11,1,1
48,61351.11,50572.28,12,3,1
33,62298.68,198377.12,10,1,0
19,63238.39,187260.26,7,1,1
25,80787.38,113641.09,16,3,1
67,38279.31,36234.05,5,2,1
39,63514.01,41600.25,13,6,1
43,85798.59,130237.77,12,2,1
42,25307.77,152960.28,13,2,0
58,63592.93,5000.0,15,2,0
21,48292.43,100721.41,12,0,0
22,52585.79,217097.75,12,4,0
32,41903.85,106949.45,9,4,0
43,56608.99,209378.29,6,4,0
52,96825.11,158942.77,15,3,0
43,34711.39,54943.22,9,2,1
40,36607.8,102439.72,14,1,1
66,33961.31,112278.35,7,1,1
26,94548.37,62849.31,13,1,1
47,50753.21,61807.92,14,1,1
46,59487.22,210406.12,20,2,1
42,51944.34,61358.36,8,3,1
59,41111.54,184706.16,8,1,1
31,55296.99,93810.93,17,3,1
67,109164.87,118461.64,8,1,1
35,87841.42,153710.67,11,2,0
46,42941.24,84086.48,11,0,1
45,72951.48,154074.26,11,3,1
62,43369.54,5000.0,10,2,0
40,24472.65,146382.44,9,2,0
32,80390.22,5000.0,14,3,0
19,83201.86,106389.2,15,0,1
36,80921.05,171254.58,16,2,0
60,50602.7,157337.72,11,0,1
18,56664.49,42095.37,12,1,0
64,74995.31,49820.14,16,2,1
46,67829.92,78679.68,7,2,1
25,52127.25,131172.95,13,2,0
33,27618.56,5000.0,16,3,1
46,62277.5,119206.59,9,0,0
34,81580.19,138685.76,7,1,1
23,36048.23,103017.77,7,2,1
52,72775.19,151519.26,13,1,1
52,66630.83,133423.45,6,3,0
24,75002.97,87500.74,18,1,1
32,77439.51,5000.0,11,2,0
30,46110.7,128004.78,17,1,1
52,27660.81,62815.48,17,2,1
55,49329.61,85299.44,24,1,0
55,77782.55,148747.45,9,4,1
66,49159.92,205040.0,10,3,1
57,46119.13,117716.39,9,3,1
34,23572.99,153243.89,15,1,0
23,95052.95,33331.24,7,3,0
49,76514.27,134731.41,14,2,0
65,75397.92,116405.64,11,0,1
68,79354.51,193753.65,15,0,0
29,71534.17,87572.49,8,3,0
30,55113.42,105501.74,17,3,1
19,56724.72,183528.87,14,2,1
25,51448.71,114477.97,16,3,0
46,112694.82,53469.52,10,1,0
46,71118.24,273098.0,9,3,0
37,50723.99,55284.43,13,0,0
34,69309.94,116118.0,21,1,1
61,39782.62,140801.29,15,2,1
41,90090.13,136057.05,12,5,1
60,46778.62,108615.38,14,2,1
68,70021.71,108914.38,12,2,0
34,81319.55,105904.09,16,2,1
28,67695.37,53043.97,13,1,1
67,61889.4,249013.15,5,2,1
51,60216.04,106800.54,9,5,1
33,58871.18,155815.86,14,0,0
50,48466.03,99920.83,22,4,1
44,51010.33,98714.18,10,1,0
65,89591.81,92673.38,12,1,1
31,57829.27,27009.25,7,4,1
69,44284.07,110362.73,14,2,0
66,49674.05,95579.54,12,1,1
27,82007.41,190291.47,13,3,1
26,73512.13,48197.99,10,4,0
45,71206.58,85371.17,11,3,0
20,54849.58,66093.57,7,1,1
33,71467.25,206551.82,9,5,1
40,47128.78,67835.49,8,4,0
68,54807.72,153737.99,15,0,0
69,79396.09,178209.69,8,1,0
25,77485.55,111232.63,15,2,1
64,40361.8,37391.34,15,0,1
22,42889.47,38150.77,11,3,1
56,62174.04,171585.84,9,3,0
61,94522.65,44364.36,11,3,1
64,21688.7,143521.6,12,3,1
29,65566.66,126860.95,7,1,1
64,32479.13,142627.95,11,0,0
24,47313.38,148295.09,10,1,1
44,52711.43,63979.75,18,3,0
42,51589.83,61468.31,18,3,1
34,49324.08,162895.63,8,7,0
19,60144.14,82239.32,10,3,1
58,49294.89,5000.0,5,3,0
35,30750.85,158925.32,8,3,0
52,75597.39,57824.32,14,2,0
39,75057.44,148028.15,8,3,0
37,76863.49,203569.31,10,2,1
64,29185.31,121005.75,10,3,1
22,65978.36,179745.95,14,2,0
56,73519.58,129227.86,9,2,0
56,39375.96,215245.76,10,0,0
37,60183.46,56273.57,10,0,0
31,57674.67,119507.1,10,4,1
18,96843.01,160389.7,12,5,0
66,98489.92,108575.29,15,0,1
67,26712.87,189133.14,8,5,0
30,109878.54,94077.63,11,3,1
19,41695.49,244162.27,8,1,1
24,79613.47,247331.85,9,1,1
21,79409.96,136924.32,6,3,1
61,40086.2,153156.07,9,0,0
64,69865.36,191500.29,14,4,0
25,57849.33,48768.16,17,5,0
56,71086.6,41280.0,11,1,1
27,64613.45,195385.13,15,3,1
37,83926.79,136439.31,11,1,1
49,61507.99,106409.69,13,4,1
55,56642.52,120667.4,13,3,1
63,81921.28,5000.0,14,3,0
20,71607.92,108566.26,11,3,1
28,74636.27,74817.2,13,2,1
32,46708.27,175084.3,12,3,1
34,39094.74,179701.85,6,4,1
69,48645.56,154600.81,11,1,0
58,47583.57,143727.52,11,2,0
34,75723.99,30159.2,12,3,1
68,79519.68,155438.58,10,4,1
43,56897.39,157763.88,13,2,0
44,88618.38,194711.56,11,3,1
40,87369.39,247092.59,11,2,1
25,64867.98,18446.36,12,1,0
66,43562.16,96691.39,11,2,1
18,91507.53,75464.0,16,3,1
27,58779.65,130350.43,13,1,0
29,62523.3,120804.11,14,2,0
32,53207.9,105955.08,9,1,1
24,42204.19,181656.26,13,1,1
18,30627.21,53915.15,16,1,0
53,72657.37,57532.71,13,3,1
68,44331.98,58546.48,13,3,1
24,121190.62,98380.34,11,1,1
33,38278.53,46284.59,13,2,1
44,34852.35,117085.71,15,2,0
66,70202.77,110070.59,13,2,0
54,90586.27,72809.09,10,3,1
57,61291.79,172425.98,21,1,0
48,71444.85,116429.97,14,1,1
39,23129.05,183758.84,14,2,1
28,46449.77,108297.01,16,3,1
62,38527.69,118548.31,18,3,0
59,22099.08,86233.06,16,1,1
19,62339.6,119577.21,14,3,1
55,15143.45,162733.88,14,0,1
22,33556.08,95319.95,4,1,0
56,49256.12,151104.72,11,1,1
60,43374.28,71235.18,12,0,0
24,67928.17,165543.03,13,3,1
40,66111.6,85205.65,13,2,0
24,77875.97,171100.79,9,2,0
47,75047.67,123658.59,9,1,1
66,82816.26,211257.22,12,1,0
22,59961.63,50755.94,10,2,0
38,66069.34,31429.39,10,0,0
68,70230.27,83026.97,16,5,0
33,62833.13,36923.34,16,2,0
24,52056.11,37035.91,11,4,1
43,53351.15,157293.05,7,1,1
44,43648.83,119749.27,16,1,0
52,68432.34,91219.14,18,0,0
34,58119.7,96782.24,11,1,0
67,46736.52,84165.74,17,1,0
45,46755.1,219022.15,9,1,1
32,35792.03,75869.66,9,2,0
67,79576.83,40671.97,10,1,1
66,61572.35,167763.04,8,1,1
43,42744.0,107054.66,10,2,1
19,76170.95,242326.42,17,1,0
49,48791.02,88427.66,12,3,0
46,31869.99,170759.05,15,2,0
25,80424.45,184931.84,10,3,0
50,49258.06,88719.85,13,0,0
61,51822.02,75424.75,14,3,1
23,60823.6,164481.99,12,2,1
55,82851.78,154493.52,19,2,0
25,60400.75,35363.39,11,1,1
56,36017.66,52293.86,10,1,0
39,70877.54,5000.0,13,4,1
18,50300.21,155723.21,13,4,1
68,97758.48,104290.37,12,4,1
26,59977.61,110270.97,12,3,0
48,15299.29,18513.35,10,4,0
27,67147.3,54113.86,13,3,1
66,98891.96,91322.47,12,7,1
56,91518.41,79660.46,12,3,0
59,96619.09,127070.16,11,1,1
40,39604.8,155008.09,10,4,1
42,78243.05,256176.75,10,0,1
50,45560.11,118798.98,9,4,0
58,64485.79,186924.16,11,5,1
62,34540.95,70201.63,13,0,0
18,47110.88,19503.22,11,3,1
52,46475.07,98861.9,9,4,1
23,77971.11,24136.7,12,4,0
32,76014.38,120880.39,20,3,1
61,65536.39,73172.75,14,2,0
31,32991.57,5000.0,10,2,1
59,53767.21,224161.51,11,4,0
42,45077.67,87746.3,16,0,1
30,77393.52,21742.84,18,2,0
35,83563.7,173890.31,9,2,0
45,81127.71,76283.14,11,2,0
57,44895.61,185409.96,9,2,0
49,15000.0,75996.34,10,4,1
66,24660.76,87546.14,9,1,0
63,88432.54,140689.9,11,3,1
57,51974.9,155593.16,12,1,1
49,44985.51,166109.02,14,3,0
33,92853.21,114615.53,9,3,1
39,85303.2,151717.0,13,2,0
24,60488.97,164737.72,11,1,1
37,54131.94,132034.15,11,2,0
66,57357.98,111440.51,10,1,1
40,64543.26,33282.3,9,2,1
23,92000.95,155950.45,11,0,0
51,68449.35,122530.42,11,4,0
68,74520.58,95183.05,14,5,1
63,83385.4,196665.98,15,1,0
32,36606.48,34329.98,14,0,0
41,75097.24,218642.18,12,3,1
45,54108.62,118663.6,10,0,0
30,15000.0,139051.09,10,2,1
31,17436.61,96297.35,19,0,1
30,39637.65,19975.63,4,1,0
69,70624.46,111623.41,16,2,1
56,62275.99,140084.69,5,1,0
61,63687.33,160573.53,11,3,1
60,99018.87,108118.01,7,0,1
67,34618.21,5000.0,9,3,0
23,59451.33,27500.32,11,2,1
63,66088.71,243121.18,15,1,1
21,45274.54,54447.84,14,2,0
42,60566.53,205622.97,13,2,1
48,28001.01,63954.8,11,2,1
36,88198.12,109052.65,10,5,1
25,46367.71,157512.5,13,1,0
27,100628.0,70788.33,7,5,1
60,59350.51,215532.91,11,4,1
34,80561.07,124543.7,10,1,1
34,58933.94,147651.05,6,3,1
66,59385.12,103943.58,8,1,1
25,48319.41,159523.22,14,2,0
65,62382.48,214727.56,11,1,0
65,66359.97,112122.84,12,2,1
49,44314.83,223782.77,10,2,1
26,57499.11,83304.25,9,2,1
26,47798.02,165845.76,11,1,1
32,105993.28,149346.86,9,2,1
48,58205.38,55885.08,9,2,1
25,90904.64,132828.58,10,2,1
41,56087.55,120441.96,12,1,0
24,65185.75,68808.47,19,1,1
46,33572.72,141480.15,10,2,1
19,51058.55,128777.37,13,2,0
54,64210.69,115644.78,12,3,0
20,91720.08,115885.35,23,1,0
28,64439.66,114599.38,15,2,1
27,87674.41,97938.02,8,3,1
61,72814.58,128390.05,15,2,1
20,92548.03,81365.15,16,3,1
40,58819.16,279408.57,18,2,0
48,107804.45,35440.01,15,2,0
44,50292.08,84915.84,11,2,1
53,44670.76,89655.47,15,3,1
59,35798.94,242429.6,16,3,1
38,106620.49,40791.92,19,3,0
61,76388.95,145555.34,13,0,0
34,53317.59,134903.64,14,1,0
69,84980.45,140016.14,11,0,0
44,73753.84,194180.59,15,0,1
56,99322.55,192949.76,9,1,1
63,29043.34,92942.59,13,0,0
59,54692.8,131641.05,12,1,0
62,50749.57,8153.88,16,0,0
45,20526.35,125945.58,6,1,0
20,81206.54,72360.63,16,0,0
43,54592.07,108817.05,10,2,1
27,74792.62,18877.69,8,2,0
64,107195.44,144292.34,11,2,1
30,52935.13,18205.88,16,2,1
29,51576.94,128897.08,15,3,0
30,62373.28,46409.66,15,2,0
51,79744.95,69021.54,13,4,1
47,48665.74,189283.93,7,6,1
67,47380.77,155275.08,21,3,1
39,81143.79,188952.19,9,2,0
32,67572.79,213583.63,12,2,1
20,19105.43,73629.68,9,3,0
18,35492.16,209938.3,10,4,1
37,90024.72,32069.66,14,1,0
66,68038.57,164766.02,10,3,1
45,44756.08,90399.74,20,3,0
64,56591.81,64181.99,23,1,0
23,60264.73,156868.19,10,0,1
22,74714.67,176697.09,9,2,1
61,32834.73,174916.1,9,4,1
23,43181.02,132891.59,13,2,1
20,65459.12,127917.44,9,3,0
39,58003.31,151612.0,13,4,1
66,71437.18,138225.84,11,2,1
53,35409.85,152481.35,11,3,1
23,67142.57,132239.97,9,5,1
61,81831.67,170567.03,20,3,1
61,69736.37,22367.53,11,3,1
59,62782.23,112123.59,16,0,1
64,58082.33,36969.21,13,4,1
30,43302.98,136602.12,6,0,0
68,58560.03,218515.81,13,3,0
34,85194.12,91554.91,16,5,1
59,57619.43,127635.12,12,2,1
48,42203.92,165389.2,14,3,0
58,50155.06,5000.0,8,1,1
50,64017.01,88673.37,11,3,1
51,52529.72,141870.94,8,1,0
50,69706.07,5000.0,14,1,0
58,70456.88,61391.49,8,3,0
56,77779.66,186051.48,7,4,1
24,88471.19,180179.81,11,2,0
60,79917.17,142459.09,11,1,1
45,41315.22,172931.86,17,0,0
34,41929.31,132906.25,17,1,1
44,58484.57,153323.69,10,3,1
68,50976.49,101060.78,14,2,1
62,37233.47,126948.76,12,1,1
61,51166.16,82057.78,11,2,0
42,50509.74,195809.0,6,1,0
58,46563.05,211293.56,14,3,0
38,53684.21,202794.77,12,1,0
53,83569.02,95513.47,10,3,1
51,63984.76,62773.56,13,2,1
30,109436.18,196618.42,8,3,1
31,63410.16,152634.43,13,3,1
21,54198.68,139715.06,7,2,0
25,60082.66,81982.07,16,2,1
40,65129.84,145539.83,11,0,0
42,68705.08,54883.32,10,1,0
26,101534.23,158043.74,11,2,0
39,43093.59,202733.2,11,4,0
49,77180.92,217862.73,16,1,1
30,64155.01,162511.44,15,0,1
35,28578.05,37078.71,15,5,0
37,75413.98,131839.81,21,2,1
44,85352.47,248380.9,11,1,0
37,42856.47,67883.3,13,4,0
56,59821.32,116449.11,17,5,0
35,25492.91,204811.46,7,2,1
40,34823.87,157028.04,11,3,1
37,80960.59,268809.38,12,0,0
27,50671.67,76027.84,11,2,1
53,37823.94,60614.65,7,2,0
30,64589.21,193447.53,13,1,0
33,49551.75,48247.28,11,3,1
59,50583.57,108193.92,11,2,1
67,74786.52,116061.21,17,2,0
52,36765.33,182159.37,9,2,0
65,41892.7,156856.08,7,2,1
62,63081.6,147423.89,14,1,0
43,79388.2,95854.15,10,2,0
58,84763.21,192900.24,17,1,0
35,46698.77,361549.44,13,2,0
41,78747.54,161476.93,14,4,1
45,44317.15,125980.33,15,1,0
67,96524.19,42128.22,13,4,1
62,37324.58,81751.11,15,0,1
43,86569.58,107177.39,9,2,1
51,46870.28,87923.99,13,1,1
28,100264.93,119035.33,19,4,1
59,71826.41,226680.96,11,1,0
46,39679.67,194830.02,7,1,1
45,49555.23,110470.04,14,4,1
57,75623.62,47503.2,17,0,1
50,81052.89,200242.06,15,0,0
21,58585.69,117056.74,14,1,0
32,60893.17,16409.97,14,2,0
27,75167.06,162745.81,13,1,0
56,62635.97,181541.2,8,2,0
19,34129.9,5000.0,10,1,1
28,43740.52,70526.72,14,2,1
49,64702.4,113372.76,14,1,1
54,84309.65,164070.65,18,0,1
44,92319.65,89055.2,13,4,0
62,75590.59,70071.49,9,1,0
65,65745.82,163630.15,9,3,1
24,74976.28,91900.66,10,0,0
67,46664.98,152523.28,13,1,0
49,56935.38,53309.06,9,1,0
51,43517.39,38860.02,14,2,0
22,35025.15,165316.15,8,0,1
50,66670.98,135151.19,19,0,0
55,63710.27,175347.34,15,1,0
48,73753.05,88044.42,16,1,1
22,70922.24,72293.68,12,1,1
45,64852.89,201643.13,9,1,0
66,71132.33,28622.47,14,4,1
55,59146.34,195087.64,16,2,1
25,68257.83,199230.28,17,5,0
67,45477.11,171605.37,9,4,1
67,67394.12,78731.55,18,3,0
26,73368.35,71008.57,18,1,1
59,46606.37,107396.65,17,3,0
39,61036.64,42297.62,14,4,0
48,47527.95,62298.36,13,2,1
41,49469.87,158684.06,13,4,1
58,37501.41,158960.95,4,1,1
69,85315.5,57025.51,13,0,1
59,81313.7,160567.32,10,3,1
66,70748.68,147258.2,17,1,1
67,99443.92,210593.18,8,2,1
22,56215.09,154148.19,10,3,0
31,120635.25,183514.86,13,2,0
55,55449.41,148624.66,17,1,0
48,65103.87,178795.75,12,3,1
20,52044.44,42772.97,3,3,0
22,67446.51,112695.33,5,2,1
45,76712.3,117661.03,16,2,0
50,57721.67,105375.0,14,0,1
26,95534.4,146633.2,16,0,0
26,64782.99,158062.78,10,2,1
24,65409.71,143535.42,15,1,1
47,41820.05,109383.37,12,1,1
18,68369.98,75856.2,8,2,1
47,57319.46,185831.16,10,3,1
42,47835.21,140983.97,9,6,1
42,44470.51,58883.17,9,3,1
53,113435.27,108378.75,6,3,1
45,54730.45,15402.02,9,4,0
55,30860.29,122122.24,10,2,0
57,46035.57,108097.2,10,3,1
65,58968.64,85531.98,10,2,0
59,70933.34,215076.01,11,3,1
44,71095.93,50630.75,18,2,1
43,73532.29,162383.58,14,1,0
30,47102.79,251202.49,9,2,1
49,66808.81,184636.07,17,1,0
25,42478.81,118107.67,16,1,0
66,47607.14,51955.88,12,2,0
61,41645.82,38276.27,24,0,0
24,36232.22,95306.9,10,2,1
58,81284.19,78779.96,10,2,0
24,73772.23,76827.19,4,1,1
55,79533.31,100421.19,14,3,1
22,60786.26,113865.17,8,2,0
43,75536.15,149112.72,12,4,1
52,24774.21,45732.23,12,1,0
55,77261.75,79065.37,16,1,0
39,63542.4,110419.68,13,2,1
65,72542.19,108270.89,13,0,0
58,67600.47,230185.42,17,3,1
28,40258.9,133934.8,14,2,0
52,30039.2,23184.61,14,1,0
55,45758.92,145090.88,18,2,0
35,71298.35,152739.82,14,2,0
56,73801.83,112492.32,7,0,0
64,32641.15,47196.2,13,4,0
60,40378.01,225483.28,10,2,1
57,45535.29,55806.97,9,0,0
50,52853.9,159646.33,12,2,1
32,32758.98,132003.03,12,1,0
59,31558.96,156048.63,12,0,0
36,43563.29,222411.48,16,2,0
45,61725.08,153698.33,9,2,0
34,36388.11,86480.15,8,2,0
34,57683.93,186359.54,6,1,0
26,81171.06,82134.03,14,2,0
67,33964.41,129813.48,13,3,1
25,55871.08,42414.98,14,1,1
22,80495.13,58003.13,18,3,0
66,51634.63,123083.2,13,1,0
46,48526.61,142085.2,9,1,1
40,83269.92,17856.56,14,1,0
56,53875.96,149837.24,16,5,1
37,82089.9,70834.26,14,1,1
24,68579.31,196781.28,10,3,1
55,53143.11,98882.13,14,3,1
27,69593.81,52582.66,8,2,0
46,66408.99,124548.27,15,2,1
67,80417.66,65025.9,10,1,1
66,49033.09,196136.71,9,3,1
36,60824.12,120031.81,13,5,0
58,58769.69,110899.4,15,1,1
49,74082.96,155508.06,12,2,0
42,39496.42,59703.15,9,2,1
25,80339.54,42650.78,15,1,1
37,69326.58,144501.09,9,2,0
51,33661.5,54019.76,12,4,1
69,84165.26,53999.39,15,1,0
18,104681.86,170205.36,12,2,0
55,80036.68,151503.85,16,1,1
62,88539.7,44770.23,17,1,1
67,61707.43,82851.84,9,0,1
40,26769.9,65776.11,15,3,1
24,23117.59,226579.16,17,3,1
32,65101.64,174360.63,11,5,1
62,48160.42,94749.31,12,1,1
63,41708.47,154571.68,9,1,1
51,58745.07,38628.83,15,4,0
24,72311.71,79641.23,12,0,1
24,30944.85,126291.8,10,4,1
42,51022.45,147133.84,14,4,1
48,90197.41,114152.45,10,1,1
19,38494.23,134880.81,13,4,1
53,77395.22,124700.19,16,3,1
46,50305.38,110185.36,11,2,0
18,70915.88,102231.26,17,2,0
22,81946.55,94424.11,13,2,0
41,74825.64,133916.25,16,0,0
55,78183.19,144648.94,14,2,0
60,36968.13,131901.55,13,4,1
40,82273.19,49284.18,14,3,0
33,42946.14,60064.33,14,3,1
68,65190.84,143932.91,11,3,1
41,65164.92,208300.4,19,1,0
34,69702.45,129144.93,10,1,0
41,66739.13,95299.9,13,1,1
18,43123.8,133460.43,18,2,1
33,33002.65,51790.71,7,2,0
44,77446.97,198536.59,17,1,0
65,63716.69,131195.65,11,0,0
56,82987.54,79832.57,10,3,1
58,59105.34,109992.27,4,1,0
46,31896.71,88377.83,11,5,1
23,79322.59,198700.2,13,4,0
38,52592.59,107865.59,8,2,0
69,66840.07,129321.94,11,1,0
20,47050.81,154423.59,7,4,1
63,92886.03,75554.0,15,1,1
53,42468.7,131622.57,13,2,1
32,53251.4,136466.13,9,3,0
58,62148.97,26755.27,12,2,1
61,38156.35,135161.79,14,4,0
20,66610.39,117254.28,8,3,1
23,92238.21,127797.98,7,6,1
52,50190.76,122137.78,10,2,1
69,67902.86,135550.19,13,1,0
19,15000.0,200240.59,12,3,0
52,59221.42,49229.56,15,1,0
25,53739.15,99470.86,15,1,0
51,43630.05,159997.12,7,3,0
50,81629.01,148855.55,14,1,0
22,53475.13,147564.33,10,2,1
53,56450.45,285214.63,16,2,0
64,52456.14,156848.13,17,4,0
62,21663.68,187856.27,7,2,0
19,37360.27,101575.68,13,0,0
30,79221.87,60425.26,11,2,0
30,17800.99,101140.95,11,1,1
41,44673.69,162717.61,13,1,0
25,52005.6,144409.67,7,0,0
62,94872.44,144195.08,13,2,0
58,75372.08,107139.34,11,2,0
60,48856.59,97571.84,11,1,1
28,86090.27,109208.57,9,2,1
18,45189.68,163468.53,9,2,0
65,80182.0,170443.65,12,0,0
33,32822.46,59625.5,15,3,1
52,81465.16,165740.55,9,3,0
65,51877.33,80956.73,14,4,0
19,39429.92,148135.3,16,1,0
18,55657.13,108482.06,11,1,0
18,65546.88,213947.31,9,4,0
26,50105.03,94915.52,18,0,1
20,71079.07,130716.71,11,1,1
60,48340.12,156395.59,12,3,0
49,72407.45,67562.47,11,1,0
68,68844.44,115628.58,14,3,1
59,58781.54,104004.91,10,1,1
68,51172.35,89171.19,11,2,0
30,63030.82,93616.62,10,1,1
32,71005.07,186720.88,10,2,1
62,101235.98,84086.96,7,4,1
30,78788.41,153984.47,14,2,0
20,79519.8,138875.7,10,1,0
52,121770.24,36181.19,14,1,1
59,70319.17,151150.17,16,2,0
68,69692.87,35189.21,15,3,1
66,74080.3,157685.51,13,2,0
24,39820.68,89568.5,13,2,0
58,51121.97,120502.04,10,0,1
61,49876.61,42343.2,8,0,0
54,72952.28,127342.94,10,6,1
60,56516.51,175617.03,17,2,1
61,62764.47,71582.07,7,2,1
41,81749.09,83569.97,16,2,1
20,77263.01,147277.26,7,5,0
41,56765.58,148777.1,15,4,0
28,46600.1,5000.0,8,2,0
23,82705.49,240924.38,20,2,0
24,75477.82,151713.21,11,3,1
54,27874.86,161815.12,10,3,1
44,53736.92,111387.57,15,3,0
46,63310.31,8678.79,17,2,1
56,75576.59,160483.32,16,4,1
46,78202.03,86088.72,10,2,0
50,65678.12,152635.9,17,2,1
22,71704.95,106871.94,14,2,1
62,61282.74,134282.36,12,2,1
41,46522.97,73500.22,12,3,0
26,54774.71,171863.34,9,2,1
60,60379.82,48697.26,5,3,1
56,59306.41,254734.17,15,3,0
20,22288.54,254276.92,16,1,1
28,52050.33,217961.98,12,1,0
18,61124.11,196528.74,17,2,1
32,54372.6,114927.1,10,1,0
23,55063.52,189992.8,16,2,0
54,69759.83,114229.41,13,4,1
45,38420.86,26788.95,7,0,0
68,27439.16,210192.08,8,1,1
56,53036.6,187729.47,13,2,1
49,75282.29,118119.65,16,2,0
44,93751.06,46488.94,11,1,1
20,75642.56,84827.96,17,2,0
21,30634.72,10731.26,13,0,0
50,55352.66,176704.85,13,1,1
18,65132.69,23801.46,14,6,1
20,63551.82,137209.85,6,1,0
29,70786.09,69378.4,12,3,1
63,41659.02,34397.79,15,1,0
41,61298.86,134301.31,16,3,0
54,68406.46,99972.04,15,2,0
39,76513.42,170291.35,12,3,1
27,43885.64,43943.68,13,0,0
37,53096.86,74561.12,15,2,1
22,15000.0,5000.0,20,2,1
58,47570.76,5000.0,13,3,1
27,49511.7,227891.54,9,0,0
37,39608.31,245015.89,11,4,1
68,63312.24,125563.57,14,0,0
48,58881.09,70570.27,9,2,0
41,15000.0,102093.06,16,2,0
46,64310.16,172414.45,18,2,1
58,41433.52,89136.66,12,2,1
31,69713.78,134258.03,18,3,0
51,34362.98,119234.64,11,2,0
63,60600.13,85871.24,13,2,0
47,54336.73,88428.44,15,2,1
41,66062.04,137599.25,13,1,1
25,62493.95,61386.71,8,3,0
30,54896.72,147103.76,11,1,1
67,29274.55,91705.26,12,2,0
46,30455.84,127642.04,13,3,0
33,48322.26,203037.75,9,1,0
39,59834.4,109908.48,11,0,0
48,47835.04,175188.26,19,2,0
45,72504.24,12478.03,11,3,1
54,54415.58,91778.22,21,2,1
31,40699.75,121661.32,19,4,0
51,54438.07,235399.84,9,3,1
41,64517.2,5000.0,15,3,0
66,66497.69,114227.41,10,0,1
26,97567.58,207401.33,8,1,0
25,46621.81,72898.78,9,2,1
42,58530.43,107229.67,11,3,1
44,68522.48,139904.34,8,2,0
53,59531.54,131070.51,14,2,0
39,49987.64,213946.23,14,2,1
65,29014.86,146908.43,14,1,1
42,49783.31,199666.37,16,2,1
24,38525.95,98399.5,17,4,0
24,25467.87,75568.48,9,1,0
68,44086.42,106456.61,15,3,1
24,39058.17,50453.81,12,1,0
67,71675.73,149010.7,16,1,1
32,72021.84,96847.31,8,1,0
22,41922.41,79692.67,10,2,1
33,54795.43,149919.5,10,1,1
49,22835.15,51377.05,6,0,1
40,50113.2,166230.13,13,1,1
58,67979.64,91299.76,11,2,1
49,76498.76,189545.79,15,3,1
38,45739.06,96435.75,14,7,1
51,81037.1,157914.58,16,2,1
68,29686.16,130773.74,9,0,0
39,35047.44,164634.11,14,3,1
25,74193.24,126596.81,11,1,1
39,93422.42,20196.16,15,2,1
61,69868.64,180527.61,12,1,0
29,59193.15,114739.02,14,5,1
67,16096.33,167370.96,12,1,1
48,19551.06,161414.79,10,2,0
49,62588.19,73602.21,15,2,1
34,52838.75,65112.28,15,2,0
65,37883.3,159321.31,17,5,1
19,61310.65,101805.06,12,0,0
33,62302.63,176185.76,13,0,0
39,78888.32,109307.94,10,3,0
42,62732.05,181404.59,15,0,1
42,84567.89,145398.27,10,3,1
25,60159.88,137278.5,8,3,1
29,57693.3,97559.33,9,3,0
22,81286.24,133945.66,6,0,0
47,40431.18,191571.16,8,3,1
36,116288.95,116747.07,8,0,1
47,67505.15,151870.47,19,2,1
48,67616.59,122781.6,9,1,1
54,70501.92,127476.24,7,3,0
46,97542.73,223404.65,7,4,1
51,75850.15,192103.8,15,2,0
48,27898.88,124764.23,14,0,1
51,88069.41,132867.25,17,0,0
50,53182.07,77887.77,16,1,0
34,62143.1,109621.71,8,0,0
30,34414.92,138563.87,11,1,1
58,70524.04,171036.82,12,3,1
35,46972.51,164953.25,8,2,0
46,62003.39,53444.46,8,1,0
28,54318.02,178618.96,25,3,0
40,98500.26,114673.58,9,0,1
45,99645.21,60780.52,14,5,0
50,60930.26,200183.08,16,1,0
45,61279.55,207796.74,10,2,0
36,52531.14,135824.82,16,0,0
68,82120.13,162527.62,15,2,1
44,53421.6,166046.95,12,0,0
60,51573.25,203746.33,5,4,0
56,79571.86,163684.11,13,1,0
47,49234.02,40338.7,10,1,1
64,59244.9,240588.46,7,2,1
24,28373.78,183939.41,14,2,0
65,74083.81,89428.55,13,4,1
62,98817.34,58222.5,9,5,1
44,74424.51,150288.81,13,1,1
56,89235.98,103304.4,8,2,0
45,43077.96,139799.72,20,1,0
31,64726.49,164604.41,11,3,0
59,41136.8,86013.49,10,3,1
30,55444.69,53033.52,15,0,0
34,75444.23,143149.11,11,2,1
45,62036.41,87996.73,10,2,0
61,31747.18,128765.75,10,1,0
37,33699.42,39400.41,12,5,1
43,32376.72,104869.04,13,1,1
20,69829.05,162897.11,10,6,1
24,101277.89,156355.95,10,4,1
20,87249.16,72698.52,17,2,0
21,22080.3,49904.14,16,4,0
63,88421.52,120945.82,13,3,1
61,78728.01,153661.97,9,1,0
60,29094.0,144310.51,7,3,0
20,53935.97,89270.41,13,2,1
22,81910.45,137869.47,18,0,0
32,71008.67,210141.33,9,4,1
47,33818.1,132308.68,11,2,0
35,72214.84,22011.12,14,3,0
43,17249.99,132192.02,17,1,1
26,55543.56,242637.42,8,4,1
56,82759.14,42756.55,14,0,0
34,60367.88,121783.48,15,0,0
21,50021.25,106419.87,8,2,0
56,77786.93,125752.98,16,1,1
64,79495.04,131655.13,8,1,0
18,86200.79,188398.32,11,6,1
40,77486.85,125087.0,14,2,0
61,81627.5,196635.57,15,3,0
54,74658.17,112940.66,11,1,1
62,65310.57,98991.79,13,1,0
39,61790.18,79849.02,19,2,1
37,55254.81,10974.78,10,3,1
54,35752.63,136546.88,9,1,1
25,40893.77,243240.02,7,1,1
30,54359.71,147494.13,19,0,0
49,64829.04,161204.84,10,2,0
52,88816.25,95218.12,12,1,0
24,59164.06,105340.0,13,4,1
44,80069.53,179078.49,4,1,1
36,81586.31,240521.62,8,2,1
44,55371.06,209276.88,11,1,0
67,71893.8,168314.68,17,3,0
21,55129.44,122109.03,12,4,1
69,86442.72,132583.13,15,1,1
41,72716.87,74789.56,10,3,1
58,36190.32,33109.95,9,1,1
40,63230.49,52392.1,7,3,1
34,92962.24,122988.0,16,1,1
58,56375.38,102480.46,13,2,0
53,68954.3,31833.5,17,4,1
25,70917.58,117760.6,11,2,1
54,39267.54,100894.18,14,3,1
57,70214.16,49629.07,10,0,0
38,32123.3,97789.26,8,2,1
66,47487.52,100742.82,20,0,1
51,81514.46,83001.77,14,6,1
35,67135.13,175600.21,10,0,0
18,53910.44,5825.91,11,1,1
53,68929.22,5000.0,9,4,1
28,58798.16,120197.15,13,1,0
57,60251.57,125767.63,15,2,0
45,73136.37,144252.91,13,3,0
42,45452.65,87661.59,7,1,1
26,60806.73,64924.57,14,2,0
54,53754.64,119561.03,15,1,1
26,28287.93,93505.31,10,2,1
39,41590.88,213064.28,19,0,0
61,91364.13,100546.37,19,5,1
65,67694.47,116808.89,7,5,0
69,33528.23,268525.09,18,1,0
67,29192.91,108314.39,12,4,1
46,57756.72,153369.41,12,2,0
28,91223.73,158778.57,9,0,0
61,56264.84,163884.1,10,2,0
59,86139.99,137369.24,14,2,0
69,67038.62,131630.45,11,1,0
51,69425.01,126020.06,14,4,1
25,33285.59,85440.37,9,5,0
44,78750.46,139531.13,21,0,0
41,53301.36,241718.75,17,1,0
61,77261.85,192640.91,18,3,1
38,43716.6,138235.08,12,1,1
35,63540.99,171349.79,20,0,0
22,67040.06,67849.45,15,1,0
61,56919.33,104369.27,12,3,1
57,68090.9,176870.99,9,2,1
20,54672.06,209230.03,7,2,1
40,47018.8,73748.03,13,1,0
42,92109.67,90984.7,10,1,1
42,80979.06,250882.55,15,0,0
65,44782.71,125775.67,12,5,0
25,71368.89,229401.72,3,5,1
33,45146.42,132411.44,10,2,1
27,36306.31,134770.82,14,1,0
30,80676.19,101670.55,9,2,0
65,25918.01,176553.31,11,1,1
66,78537.12,201466.65,12,5,1
20,54945.55,57899.87,13,2,0
50,55769.07,98852.97,11,1,0
30,68195.02,174904.71,9,1,0
28,71623.98,112227.08,10,4,1
33,43473.14,90396.87,11,0,0
28,74354.51,180572.53,15,1,0
43,62267.41,186207.19,12,0,1
69,34878.9,93021.47,13,2,1
48,56602.51,132741.99,10,1,0
55,87625.58,47491.51,12,1,1
43,93531.9,66271.15,18,1,1
18,74346.97,127449.91,9,1,1
22,36193.13,121884.41,11,3,0
31,69812.14,61987.43,11,3,0
30,77017.22,77041.56,8,4,1
61,74514.16,56097.34,15,1,0
61,75699.09,147303.59,8,3,1
62,67265.26,5000.0,10,1,1
51,58551.75,59305.37,13,1,1
46,47832.65,8223.51,15,0,0
51,22041.29,145141.24,13,2,1
39,66792.84,11835.99,15,2,1
52,63721.06,121903.75,10,2,0
59,71151.52,218371.44,12,1,1
57,33249.13,220406.04,8,1,1
49,72900.33,11645.55,15,2,1
21,101090.9,137904.58,11,6,0
55,61569.0,60661.72,15,2,0
37,58766.69,48411.84,10,1,0
56,66180.05,113191.8,10,1,1
46,100646.74,193697.47,23,3,0
63,39527.04,155979.53,8,1,0
35,64064.14,77091.54,19,3,0
66,44006.85,162302.04,16,3,1
61,49059.91,5000.0,7,3,1
35,59008.19,74823.25,11,1,0
43,86946.46,70566.51,14,9,0
45,96019.81,124699.24,10,1,0
57,68962.84,107830.32,16,6,0
53,52468.11,111511.73,9,1,0
62,109854.78,109516.83,12,2,1
37,51448.91,121344.43,15,4,1
44,48577.28,152407.86,21,2,0
40,24501.14,128959.86,12,3,1
65,87921.83,102938.89,12,4,1
33,79364.91,144104.9,13,3,0
48,108356.11,169567.41,8,4,1
24,32209.53,86638.45,14,1,0
62,89163.42,116435.84,10,1,1
37,61402.71,189714.39,15,1,0
35,76122.0,53834.36,12,5,0
48,27044.46,228282.13,9,1,0
43,89361.64,39650.7,9,1,0
62,75730.34,99278.12,12,3,1
45,59221.8,62988.6,10,3,1
44,72902.25,251275.62,16,3,1
23,44690.09,89799.0,7,3,0
19,48411.2,89949.53,16,0,0
38,50731.11,97755.08,11,3,1
69,22945.44,125736.17,13,0,1
65,77235.17,100293.49,9,2,0
50,83831.87,112026.79,10,7,1
50,45973.12,5000.0,15,0,0
38,66964.06,123429.59,8,1,0
27,54689.19,121068.4,14,3,0
18,66565.48,182314.13,14,1,0
35,47448.46,198543.66,13,1,0
34,42331.5,108737.52,8,4,0
27,81041.5,168973.74,13,2,0
31,58722.59,53905.87,23,2,0
19,100442.18,166040.54,15,2,0
49,60926.2,85651.45,11,0,1
66,41478.44,48918.15,14,2,0
53,84538.82,108864.68,10,0,0
41,72616.0,204028.35,13,4,0
39,74537.46,130860.33,13,3,0
33,83812.01,209789.29,7,3,1
25,46944.07,75076.04,13,1,0
49,57454.93,182871.07,15,3,0
47,56571.0,80870.4,14,1,0
18,34185.07,133519.72,13,3,1
39,54728.2,133000.97,10,4,0
32,86727.59,159689.5,19,2,1
26,64746.76,135044.44,9,0,0
54,33078.77,75648.93,17,4,0
45,28883.21,172818.42,17,3,0
50,93295.52,223899.4,6,2,0
55,58193.62,84971.79,18,5,0
69,47051.8,9886.08,20,1,1
59,54520.16,149959.17,15,5,0
50,30453.84,100129.18,11,1,1
63,88461.9,112133.83,7,5,1
42,52138.94,153370.67,13,2,0
69,87348.03,92616.45,14,4,1
57,61033.03,103868.88,16,3,1
51,88590.64,113992.83,8,2,1
64,65133.89,208185.24,12,1,0
44,77064.65,121804.18,10,2,0
55,74381.86,45859.59,19,0,0
32,72465.82,48247.29,8,1,0
68,66958.69,128353.8,13,1,1
50,55342.99,52234.32,9,2,1
58,98308.69,26261.79,17,1,1
41,41861.26,158132.16,15,2,0
63,60086.15,161069.9,13,1,1
21,60297.72,97911.81,14,3,1
23,68048.82,137619.56,8,1,1
44,51410.55,131287.3,12,2,0
56,66294.93,156145.16,20,3,1
60,56623.15,156284.99,13,2,0
40,28360.95,5000.0,8,1,1
51,60191.05,105570.06,13,2,0
46,37988.69,151074.25,14,5,1
67,25312.28,95372.6,9,4,1
52,62737.47,122172.16,10,4,1
39,69757.67,165042.0,15,1,0
68,70533.96,124855.51,8,1,0
23,71343.41,210475.17,9,3,1
69,21348.22,187619.18,14,6,1
26,32779.66,112886.15,13,4,1
32,99470.43,108117.23,23,1,1
60,39055.82,5000.0,15,1,0
56,72216.82,100409.87,9,1,0
68,46261.25,38803.87,13,1,1
56,61593.45,133273.77,14,3,1
51,47334.92,129172.24,11,1,0
36,71230.82,161751.35,13,0,1
18,62735.48,203800.23,17,0,0
24,51034.2,118423.83,25,1,0
33,38996.56,256824.98,9,2,0
20,65355.48,133947.09,6,3,1
44,35745.62,41387.02,8,3,1
58,68549.62,86275.69,13,5,0
68,112529.7,97635.2,12,2,0
43,87003.4,155527.63,22,1,0
63,74366.96,63165.01,13,3,1
69,58287.85,102121.45,10,2,1
62,21224.95,110337.58,11,0,1
42,33554.27,93112.75,10,2,0
34,85655.86,168684.92,6,2,1
68,44204.88,158479.28,9,1,1
30,46014.96,189994.03,14,2,1
39,56686.99,100138.49,11,2,0
21,38759.07,192151.65,9,4,1
59,35464.63,38160.17,9,1,1
51,58990.52,36696.94,14,3,1
22,42169.41,47171.9,16,3,1
29,45179.63,120552.7,10,1,1
46,44376.18,192142.69,16,2,1
46,70447.2,83871.48,10,0,0
59,55357.49,91398.4,12,1,0
31,56428.56,107038.92,9,4,1
66,71938.92,154369.69,13,2,1
41,57159.21,91342.48,10,2,1
60,54434.92,87994.98,15,2,1
30,69409.01,39276.28,14,1,1
19,73363.96,85696.73,11,3,1
20,57058.53,190647.71,8,4,1
37,61612.16,125455.56,11,2,0
67,44364.2,75608.73,19,4,1
20,42786.34,194168.64,16,2,0
37,75382.95,84887.19,11,1,0
23,68898.84,205197.33,10,2,0
66,69105.97,204216.42,12,1,0
53,65617.09,123360.7,10,1,1
57,60924.07,30087.03,5,4,1
55,73928.24,257370.04,14,1,0
52,78702.18,143236.56,16,2,1
58,78224.56,100566.78,12,1,0
18,57984.44,177367.67,10,4,1
63,87739.85,162138.17,23,4,1
56,64569.21,198656.3,10,2,1
56,72647.52,80259.13,6,3,1
38,65641.76,139108.4,12,1,0
59,64940.13,48847.79,10,0,0
37,45284.96,159980.06,9,5,1
20,74027.02,118623.28,12,1,1
65,116905.89,136860.56,18,1,0
30,52504.1,111219.02,11,1,0
23,61419.89,104940.67,15,3,1
50,51075.89,67906.13,20,2,0
30,50239.6,167425.81,8,0,0
62,90888.99,209382.24,10,4,1
41,46540.58,86599.9,11,1,0
18,50518.39,153212.43,16,5,0
67,28250.14,145931.02,8,4,0
44,44847.77,120485.87,9,0,0
31,25832.0,28404.26,19,1,1
53,72636.09,41904.16,10,1,1
45,115993.94,73141.08,9,2,0
19,52666.42,5000.0,8,5,1
57,26664.84,204481.84,7,2,0
38,77999.99,142062.19,7,4,1
54,45461.5,118202.34,12,1,1
64,85986.94,5000.0,16,2,1
49,54359.42,10567.75,21,2,0
52,47363.69,119859.52,9,1,0
31,56440.85,238229.4,8,2,0
30,75155.54,78081.35,6,3,1
39,55451.59,171827.88,15,2,0
62,50065.51,91205.86,6,5,1
45,56023.37,123314.36,15,4,1
36,34562.9,192881.03,14,2,0
58,67940.63,99242.9,15,4,1
62,24265.47,78593.71,4,0,1
64,51117.57,205084.23,7,2,1
33,75187.7,122733.47,8,3,0
54,66060.97,185472.31,15,0,0
48,71806.41,78885.07,13,2,0
41,58699.09,204400.45,9,0,0
38,83394.92,136417.64,10,4,1
23,78493.98,146087.26,13,0,0
32,68922.82,127897.76,14,2,0
46,78550.92,89671.5,10,1,1
64,75008.47,119899.03,12,3,1
63,51210.73,93444.59,14,1,0
27,33122.02,177572.76,11,2,1
53,68407.24,107816.57,13,1,1
22,70921.78,30209.57,12,0,0
53,81809.44,19234.58,16,2,1
35,41273.57,16396.91,17,0,1
41,41871.38,157078.25,18,2,0
55,69198.01,50909.74,16,2,1
40,58576.66,138005.15,7,1,1
59,22284.77,128194.47,12,4,0
45,67502.16,116117.48,20,4,0
69,22951.54,146304.31,10,2,1
51,41094.87,129498.21,6,2,0
33,87033.63,5000.0,16,0,0
58,96497.58,100582.49,14,1,1
39,35686.87,145506.19,6,4,0
45,53412.17,218416.97,8,1,0
25,60852.45,221187.46,15,2,0
24,95624.54,38210.97,10,0,1
47,50142.62,99016.48,14,3,1
27,50462.32,26033.11,7,2,0
69,90974.51,211193.1,15,4,0
62,52504.22,180771.37,12,4,0
54,74444.03,141035.27,14,1,0
56,30457.14,129965.69,12,3,0
48,56575.35,202837.87,12,1,1
21,26808.06,192679.51,10,1,0
38,38891.32,189482.68,14,1,0
43,76784.03,147400.79,11,1,1
65,59001.89,99046.3,21,6,1
29,53617.89,166027.49,11,2,0
43,45025.01,168962.51,14,3,1
35,55586.88,108561.75,11,2,1
24,66022.26,98925.06,15,2,0
23,79658.32,187998.8,20,1,0
36,15000.0,219846.97,21,0,0
22,43364.78,75036.25,13,1,1
21,63181.92,104197.4,10,2,1
36,58022.74,141055.98,14,2,0
28,68067.52,149195.94,13,1,0
46,65350.81,88658.02,12,3,1
18,53902.64,233011.24,13,1,0
33,49462.94,145325.72,6,0,1
41,55089.97,151883.0,10,3,0
68,82974.85,225533.04,17,3,1
50,45359.84,93056.3,7,1,1
63,58743.87,114694.09,14,6,1
35,63666.84,44800.67,11,2,0
41,91207.02,109658.97,12,3,0
39,53993.83,30664.35,17,2,0
64,79176.13,164870.96,11,1,0
67,84639.59,145199.81,10,0,1
68,58724.91,103375.84,18,6,1
57,55785.62,113974.58,10,2,1
44,53418.93,165687.98,12,2,1
46,54883.54,51852.23,12,2,1
68,77084.8,132250.07,9,2,1
32,64620.2,161970.59,13,4,1
36,64705.79,13063.56,14,6,1
64,37495.53,161096.28,16,1,0
38,40650.2,19556.25,10,0,1
30,102868.94,112944.33,10,1,0
47,56443.49,50196.53,6,1,1
34,44504.56,205874.79,10,0,0
64,88621.98,50572.74,11,4,1
65,65636.17,20988.61,12,1,0
33,71563.1,128001.13,17,1,0
45,57239.06,95177.82,26,0,1
69,53626.54,29723.69,9,2,0
56,56608.27,151548.91,13,3,0
29,32345.24,5000.0,13,2,1
48,58241.45,57825.54,10,0,1
50,65920.66,85486.9,11,1,0
51,97009.26,168133.34,12,3,0
19,61719.98,197728.1,15,1,0
33,15000.0,186166.93,20,4,0
62,58120.29,110803.57,14,3,1
30,114790.08,5000.0,14,3,0
33,77327.32,143451.18,14,3,0
34,43782.22,208234.42,12,3,1
27,71822.13,194027.42,7,3,1
26,45159.73,147776.94,7,4,0
36,32923.85,48629.83,9,0,1
63,53032.61,88481.58,17,1,0
18,61830.53,236028.86,14,5,0
32,22556.89,34996.23,18,2,0
21,37016.81,51129.53,11,3,1
47,60206.71,176553.09,17,2,0
31,51836.54,94130.45,16,4,0
59,67896.23,49094.69,13,0,0
48,35706.63,211678.27,7,3,0
58,74282.27,147663.36,10,2,1
51,36324.82,97091.93,14,3,1
40,92854.69,51253.51,12,1,0
62,25684.83,242844.39,14,2,1
42,38148.91,118532.89,10,3,1
67,68347.42,203839.68,17,2,0
69,93284.67,173618.01,5,0,0
48,66300.86,88745.91,15,3,1
53,71257.16,89223.53,9,0,1
31,60350.74,206778.89,15,3,0
60,39472.03,207751.04,19,2,0
52,50197.23,7385.04,12,3,1
64,35761.81,152986.82,10,1,1
31,34425.8,112727.11,16,0,0
58,68034.98,58000.61,19,1,0
42,37536.44,135704.77,11,1,0
27,66391.08,39024.19,14,0,0
26,33963.54,92012.68,9,2,1
47,65927.66,72091.58,8,2,0
34,50226.35,90012.52,14,1,1
23,88132.31,115711.29,15,3,0
40,66474.38,59066.0,9,2,1
51,84715.66,214390.74,7,0,0
34,44887.07,149596.99,8,2,1
67,61122.87,227673.78,15,0,0
58,40378.26,110395.2,13,2,0
44,51727.9,87072.6,12,1,1
66,54757.92,225504.94,8,2,0
40,45482.84,85316.42,5,4,1
25,35689.94,109302.48,12,0,0
19,31729.65,163202.84,6,1,0
66,15000.0,45736.45,8,3,1
67,38873.07,162677.68,17,1,0
56,72549.88,155000.82,8,4,0
23,28030.03,196159.52,17,5,1
33,32637.54,173402.67,12,2,1
20,95817.97,197998.7,12,3,1
20,47270.08,113374.69,12,1,1
30,66420.92,68239.78,12,2,0
47,72846.34,246599.12,13,2,0
21,73250.52,28398.26,6,2,0
69,29553.72,34409.22,12,0,0
41,55378.81,153907.68,10,3,0
31,27635.45,217499.16,14,5,1
44,108926.36,131373.05,12,2,1
59,28102.49,179958.22,5,3,0
34,39043.2,5000.0,14,4,1
20,39187.98,90027.3,10,5,1
20,30066.79,7563.13,6,2,1
62,87051.88,166824.66,16,2,1
23,108448.96,27166.12,12,1,0
51,50485.02,43330.87,14,1,0
37,33591.54,150841.51,9,2,1
58,15261.49,183709.46,11,2,0
21,55117.83,110461.91,14,0,1
64,53672.69,154210.35,9,2,1
54,46974.08,152267.29,7,2,1
41,64427.51,107074.39,10,2,0
28,67903.46,54317.67,16,1,0
68,66461.67,153893.48,10,0,0
33,53677.5,156785.74,14,1,1
43,37967.56,173641.46,16,2,1
38,73316.66,138723.99,17,0,1
29,60250.28,49890.01,15,2,1
39,77767.15,161420.41,12,3,0
25,75801.51,119917.14,14,2,1
18,31564.76,91035.75,14,2,1
33,31315.56,102321.85,12,4,0
23,44889.19,78584.57,8,4,0
39,38874.69,173330.63,7,2,1
62,75105.04,34913.12,16,2,1
26,67026.19,60390.84,11,3,0
18,81983.68,100273.63,10,0,1
23,67929.74,216825.05,14,3,1
44,64172.99,183256.83,10,2,0
32,83994.6,21549.55,10,3,1
43,69394.55,201080.83,21,2,1
19,61362.02,200965.21,12,2,0
35,89609.06,49559.5,15,1,1
39,62303.62,5000.0,9,3,0
40,53913.19,115666.7,11,2,0
46,43243.53,187345.46,12,1,0
58,74060.51,215475.72,7,3,1
42,84741.01,67750.36,14,5,1
61,58988.25,225118.75,18,3,1
45,86158.31,5000.0,11,2,0
31,20599.7,97916.96,11,1,1
29,58890.93,94967.36,11,1,1
34,59198.1,189140.22,13,3,0
49,45460.11,197898.15,13,6,1
30,107677.22,177253.42,9,1,0
65,58676.15,38967.0,14,3,1
42,51845.38,171757.14,15,4,1
62,60519.24,150542.52,8,5,1
53,19943.73,19725.94,11,1,0
35,44802.64,5000.0,19,4,1
29,79664.8,182279.36,6,3,1
56,47421.09,109194.04,14,3,1
35,43422.5,42889.07,11,4,0
30,86190.51,107509.68,12,0,0
66,86805.09,141842.46,12,1,1
43,70339.81,115028.93,12,1,0
20,50897.65,26880.83,12,3,1
43,55210.58,233133.41,8,4,1
41,43917.0,180253.08,9,2,1
62,40104.54,99877.35,11,1,1
55,39111.67,102294.32,14,2,1
27,47638.91,141569.24,8,1,1
25,39305.58,52222.72,11,2,1
49,28725.9,139360.59,16,2,0
20,64388.05,40156.05,12,2,1
34,64691.91,115767.95,12,3,0
25,94015.86,49885.71,19,0,0
19,46633.23,52914.96,13,1,1
65,65922.01,218743.36,13,1,1
22,66254.25,123553.55,13,2,0
18,54923.25,132444.39,13,2,0
66,74886.67,5000.0,12,4,1
27,75504.58,84179.89,14,0,1
60,66548.22,147672.73,12,3,0
19,54887.21,131648.18,12,1,0
25,52849.4,5000.0,15,3,1
23,32644.92,132428.27,14,0,0
54,43881.64,141993.53,18,1,0
50,47559.85,197025.72,8,3,0
42,37520.56,80686.13,17,3,1
30,68798.48,5000.0,11,3,1
22,83932.56,60193.75,16,2,0
47,41838.75,54176.1,8,3,0
29,65668.83,164202.53,13,2,0
48,39317.78,5000.0,9,5,1
53,53901.56,93098.61,13,2,1
62,46193.41,205547.73,13,3,1
43,72037.91,120432.75,13,1,0
18,46424.24,173779.01,11,3,0
32,80233.21,21492.1,12,2,0
62,55085.58,23880.63,11,0,1
45,47007.93,206234.55,14,0,0
50,34933.89,126072.92,14,2,1
41,65064.09,126196.46,18,1,1
26,77904.37,52910.83,12,4,1
64,65466.43,126046.9,14,1,1
58,104776.63,51243.75,14,3,1
69,88595.75,191212.23,12,1,0
62,53849.44,283669.84,11,3,1
33,53639.45,149036.46,17,1,1
31,69393.93,81903.22,11,1,1
30,43239.62,5000.0,8,3,1
65,83325.77,18932.15,7,3,1
46,67232.01,213291.71,11,1,1
41,65129.18,58248.49,12,4,0
68,73739.07,97749.91,13,0,0
49,94456.6,159319.56,11,2,1
65,63419.11,208937.39,15,0,1
69,57739.19,108024.78,17,0,0
22,90174.39,95719.99,12,2,0
36,79351.01,124297.26,13,2,0
56,53580.4,82341.73,14,3,0
60,60103.73,85570.85,5,1,1
25,63907.62,144712.81,13,2,1
34,67236.26,131117.49,10,1,1
46,32868.0,247896.32,9,1,1
59,29150.31,146330.93,17,3,1
23,42252.2,189068.73,15,1,0
49,40705.23,55722.89,10,0,1
33,47123.52,151509.44,9,1,0
29,72694.21,76621.12,11,1,1
44,56621.42,143727.2,16,3,1
39,63927.89,161310.88,8,1,1
51,35513.93,122992.13,17,2,1
34,50767.16,264439.54,14,0,0
60,71745.15,205678.79,11,1,0
22,71899.05,190634.72,11,2,1
62,45508.52,165857.17,7,2,1
19,63233.25,225801.65,7,2,0
56,103976.96,33781.84,9,1,0
36,59648.04,202216.99,7,1,1
37,46136.26,60525.34,12,1,1
18,56524.75,86139.65,13,2,0
54,61843.54,153683.55,13,2,1
26,56976.63,193993.21,13,0,0
52,59372.91,50785.4,11,1,0
55,31131.06,89247.31,16,4,0
61,40747.39,125851.92,8,5,1
54,57013.3,108818.04,12,0,0
33,56694.64,171241.92,14,3,0
56,48676.21,326155.66,17,4,1
60,56459.73,145159.24,15,3,1
34,61220.3,75888.21,11,5,1
24,77788.27,42209.5,12,4,0
64,58015.77,100484.77,8,6,1
25,67982.06,63585.01,9,3,1
48,49167.99,148052.99,5,2,0
30,71441.91,147121.3,12,4,0
24,67514.61,92209.91,12,0,0
58,77316.34,239097.3,14,3,1
25,74269.21,75873.16,10,3,0
52,71774.71,112834.14,14,0,0
54,58031.65,158349.76,15,2,0
21,64898.78,173523.29,13,3,1
26,81270.18,196654.59,7,0,0
59,46958.51,145709.79,20,3,1
44,47431.84,183054.76,12,1,1
24,63628.63,80093.51,10,3,0
69,68305.59,175084.92,13,1,0
31,43517.87,174283.75,12,1,1
18,58504.75,210773.2,10,2,1
66,58120.02,19893.84,3,3,1
18,15694.4,65569.01,15,3,1
46,55608.12,169388.46,9,2,1
69,56853.64,5000.0,12,2,0
48,56794.14,149520.37,8,1,1
48,88318.29,183588.27,15,4,0
38,35684.03,85417.49,15,0,0
24,43507.55,94188.6,16,1,0
47,15000.0,55551.76,9,1,0
64,50381.67,88707.17,10,2,1
22,52087.13,90445.89,18,4,0
63,49800.46,79029.52,8,1,1
39,82153.55,75739.31,10,2,1
45,77212.35,103739.71,10,2,0
26,61557.13,103013.74,9,3,0
50,52587.74,232447.91,9,3,1
27,80523.79,96348.89,12,3,1
32,59604.84,140649.01,9,4,1
55,43634.6,85387.02,10,4,1
20,25675.03,84624.25,11,1,1
41,51173.71,17737.77,10,1,0
48,75092.87,25718.03,14,2,1
24,105530.77,47580.1,18,1,1
33,61232.21,131021.81,7,0,0
35,44692.89,184570.42,15,3,0
52,36300.7,12800.13,12,4,1
68,71039.1,87055.39,22,2,0
61,24707.68,37986.56,12,2,1
27,71006.9,104143.37,13,1,0
18,76354.23,184546.17,15,3,1
20,68725.59,93187.06,15,0,0
48,55606.77,117148.98,16,2,0
26,71298.81,207313.7,15,3,1
30,63418.77,147474.06,9,1,0
62,44437.52,74394.49,19,0,0
63,97008.25,129534.92,14,2,0
61,52966.41,70347.06,7,2,0
31,75515.05,145228.92,18,1,0
50,15000.0,150920.41,8,3,1
49,85529.42,37970.42,11,1,0
27,89375.27,130508.97,6,2,0
46,60596.68,112945.6,12,1,1
45,71175.42,152680.64,13,4,1
38,71170.3,169880.82,13,7,1
57,47144.33,148646.98,14,2,0
53,70942.45,101808.4,9,1,1
45,43827.39,175999.8,8,0,0
55,47824.86,67616.23,14,1,0
57,82538.86,40768.68,9,1,1
47,79493.15,5000.0,10,4,0
31,45872.49,115791.54,10,3,0
57,45328.47,70707.21,6,6,1
55,47088.07,143865.27,12,0,0
69,74652.79,5000.0,22,1,1
25,40000.3,81169.29,7,0,0
39,67134.25,148216.19,12,2,1
66,74936.94,58209.83,10,2,0
44,58235.09,144555.4,17,0,0
67,80201.27,86578.64,9,3,1
18,53913.8,118031.5,17,3,1
19,55722.89,155709.48,8,1,0
59,40455.08,177167.82,14,3,0
36,80343.55,125549.54,15,2,1
45,44669.59,71159.38,19,1,0
40,66995.44,92517.67,12,3,0
39,58573.68,158217.32,16,2,0
66,38944.34,58724.78,11,2,0
22,47817.94,109316.0,10,3,1
58,87657.44,96846.95,9,3,1
64,64033.15,113798.29,10,2,0
52,39816.99,59443.05,15,3,0
38,66106.57,8883.34,15,5,0
26,57077.72,151244.56,6,4,0
53,129080.93,177847.89,12,1,1
42,65702.48,12469.5,13,3,1
25,52387.5,142135.57,10,1,1
36,88400.56,184990.97,7,1,0
68,23179.28,155754.66,9,4,1
31,61886.4,94999.79,12,0,0
27,99888.57,63390.22,10,2,0
53,57676.01,124858.68,14,1,0
28,25333.98,134867.1,10,2,1
65,52081.64,125748.45,13,2,1
62,89090.36,109191.92,13,1,0
69,67521.39,55040.9,10,0,1
65,43222.88,145361.3,15,3,1
30,46295.14,148251.27,12,0,1
29,48805.99,132049.33,14,2,1
35,67223.96,126659.62,11,0,0
42,86763.92,220754.97,8,0,0
63,81048.46,82537.27,14,1,1
56,69120.24,196886.11,12,3,1
51,33367.1,75958.53,9,2,1
63,33441.35,186537.03,19,0,0
51,70665.04,194002.05,11,0,0
37,33090.58,102416.93,11,0,0
39,55488.66,219657.78,11,1,0
44,66083.01,148142.15,18,2,1
22,37248.12,67363.65,18,1,1
56,39514.75,97550.6,8,2,1
51,58117.58,187965.74,18,0,0
56,70073.01,175383.88,17,2,1
45,81230.38,56517.58,9,3,1
58,72141.07,111644.56,22,1,0
67,61473.13,132211.38,7,5,1
47,45076.1,89543.72,12,6,1
41,38581.86,261467.98,12,3,0
23,49782.46,134019.82,7,3,1
58,68198.71,116291.27,10,3,1
65,66732.47,191451.06,16,2,0
54,18001.96,98087.19,13,3,0
63,44286.46,180445.66,8,0,0
62,84090.15,19936.06,11,1,1
59,61584.3,92780.76,13,0,1
44,31659.82,182944.23,9,6,1
23,107116.42,214211.86,11,5,0
18,59421.17,73602.26,12,1,0
28,67686.68,66610.7,7,1,0
40,67990.5,154046.79,12,0,0
56,52648.09,82617.97,7,0,1
41,45448.53,103885.32,9,6,1
19,102433.5,172584.3,11,1,0
28,80064.12,87353.87,12,3,0
68,76438.74,5000.0,15,0,0
69,71525.78,41934.93,12,1,0
37,39933.65,120597.34,15,3,0
59,85550.6,8194.61,14,1,1
55,43137.35,102170.37,10,1,1
66,65665.74,36474.21,17,3,1
64,27212.2,218396.34,7,2,1
50,19182.82,249908.56,15,1,0
38,66365.82,56508.17,9,1,1
50,43818.01,135405.52,13,4,0
34,20216.65,62375.78,14,4,1
36,70812.19,101441.06,20,2,0
49,102401.62,228208.16,9,2,1
47,87791.21,91998.69,11,3,1
48,54853.64,102837.75,15,3,1
38,60176.91,63448.24,12,4,0
39,77754.13,188771.36,13,2,1
18,82442.56,5000.0,18,1,0
49,53129.29,93432.16,10,1,0
47,60683.55,117246.83,8,0,0
66,66012.3,80335.36,10,1,1
44,71077.53,171812.73,16,4,1
42,57338.47,192121.64,11,2,0
21,57598.3,35277.63,17,3,0
28,87596.65,245609.2,9,2,1
35,84190.41,34604.47,14,1,1
37,69548.21,197317.84,11,4,0
36,94382.18,128989.66,10,5,0
38,52271.08,89777.93,10,4,1
57,92459.47,95437.98,5,1,0
24,70850.31,117989.23,18,4,0
35,125420.52,132505.07,13,1,1
26,36150.36,64790.74,7,1,1
34,46213.09,105963.6,9,2,1
53,68375.96,73759.63,12,3,1
20,67944.68,47097.03,10,3,1
35,99002.78,70961.3,10,1,1
19,46632.51,51001.52,13,0,1
67,78098.37,94790.71,14,1,1
55,83249.26,145948.49,13,4,1
30,74092.96,127242.62,13,1,0
28,40780.07,238460.69,6,3,1
23,88155.18,5000.0,9,3,1
42,84586.5,148160.46,14,2,0
57,71991.69,120385.21,6,2,1
48,64086.95,168940.22,15,2,0
63,64522.16,162987.91,9,3,1
35,58425.28,110100.49,21,3,0
32,72815.7,130359.08,13,1,1
42,60622.7,75355.85,13,1,1
28,43029.5,156820.8,9,2,1
68,39028.17,7267.44,9,1,1
27,44959.27,166609.59,10,1,0
42,64442.64,118609.59,9,1,1
45,59460.88,90776.28,16,2,0
20,64306.88,106048.01,12,1,1
42,70016.26,110448.23,11,0,1
41,47453.58,197838.23,11,1,0
31,89313.2,314009.62,17,3,1
24,54645.78,193192.25,10,3,0
20,51331.46,86080.45,15,1,0
18,69647.72,157786.91,9,4,1
43,23269.8,160399.75,15,2,1
22,44189.31,64490.36,8,2,1
67,79621.46,44352.04,8,3,1
30,25251.56,116203.14,10,1,1
51,82351.48,168462.46,7,1,1
53,90222.73,23291.5,15,2,0
43,52610.89,76746.13,8,3,1
63,65836.26,154359.1,7,6,0
23,82381.74,122503.42,11,2,0
30,50664.22,204976.42,17,1,1
31,77355.51,35317.95,13,5,1
25,46577.02,261129.9,13,0,0
33,50447.95,27720.45,11,1,0
34,44013.27,5000.0,12,1,1
57,66852.94,116465.23,14,1,1
33,83159.38,51932.46,8,4,1
63,56317.74,117674.66,15,4,1
58,34575.02,115576.39,12,4,1
64,38345.86,108253.55,11,3,1
23,67891.99,69455.34,10,2,0
69,96882.33,145959.37,6,4,1
49,67874.5,100959.77,8,2,0
69,52262.07,186219.89,12,3,0
36,75323.68,109177.66,10,2,1
67,55210.03,62121.15,19,1,0
48,52434.3,18737.37,12,2,1
21,40830.82,109673.43,9,2,1
39,88168.98,43847.73,7,4,1
25,15000.0,39002.29,12,1,1
66,75957.18,151647.44,7,2,1
33,50725.1,13339.8,11,2,1
29,51793.19,204731.6,12,2,1
46,93846.3,129582.98,13,1,1
40,45717.38,117369.44,9,4,1
23,46398.62,57914.04,14,1,1
60,57392.12,165862.34,15,1,0
61,68276.95,119825.7,16,2,0
56,51162.88,78834.2,14,5,1
50,28522.82,131989.48,19,1,0
38,42686.04,19032.87,17,3,1
46,85626.68,21880.37,8,2,1
45,61495.54,52788.83,10,1,1
26,69021.75,140971.64,15,2,0
22,54771.58,119804.5,14,2,1
31,46810.05,182938.76,16,2,0
41,93551.39,64800.61,15,2,0
26,56236.16,154480.07,11,1,0
23,51132.6,113167.77,5,2,0
62,81922.85,63417.29,8,3,1
37,45552.79,143118.46,15,2,0
48,48105.45,116039.29,9,3,1
45,60204.93,82252.85,12,1,0
56,60005.4,122519.95,14,2,1
56,65192.23,112228.18,12,2,1
33,101833.38,110778.72,9,1,0
62,66724.96,95244.41,10,1,1
37,15000.0,41703.09,13,3,0
61,66525.98,124485.92,11,1,0
39,60757.6,71837.14,17,1,0
23,60869.0,58780.27,11,1,0
57,64918.95,105558.01,9,1,1
19,59426.43,164041.59,10,0,0
58,58947.76,131136.81,13,1,0
20,72260.88,88131.47,18,4,1
28,49158.38,85719.24,15,2,1
49,41046.27,158148.8,12,0,0
66,120475.63,5000.0,21,2,1
39,45682.85,167841.9,11,2,1
24,62002.86,7559.05,9,1,1
30,30086.79,35075.53,12,2,1
64,62329.37,89144.05,14,1,1
55,41335.49,250207.45,13,4,0
23,51150.54,220645.16,10,2,0
38,80901.29,162389.27,10,1,0
31,69440.19,141392.54,14,0,1
27,71368.19,8263.38,11,1,0
62,24575.9,129405.49,14,0,1
50,96737.9,87046.71,12,0,0
27,36162.37,70999.84,14,1,0
51,90571.22,129288.19,17,1,0
39,80430.88,91733.4,15,1,1
21,71546.65,172157.97,11,5,0
41,42900.3,5000.0,9,2,1
27,63031.8,124500.69,15,0,0
30,50581.57,67254.17,17,2,1
63,60580.79,95421.85,11,2,0
54,55002.55,138277.59,10,1,0
24,19227.79,52961.53,13,5,1
62,82435.68,129853.93,12,2,1
47,58377.86,107259.71,11,2,0
63,50303.99,80364.79,9,2,1
56,48793.46,91765.65,9,2,1
35,67169.19,110726.89,10,0,0
45,42124.87,73929.81,10,1,0
45,15000.0,120425.67,17,2,0
55,68142.6,103309.4,9,1,0
30,70382.06,83323.05,4,2,0
35,56007.36,215390.53,8,1,0
30,37041.94,144914.4,10,2,0
33,61778.71,97037.27,15,1,0
26,30709.35,128751.63,16,2,1
19,39455.39,58390.79,15,2,1
66,44986.04,93793.7,16,1,1
21,76878.78,100795.35,17,1,0
64,52747.78,45192.37,11,1,1
18,51042.67,143241.24,13,1,0
58,99093.85,89663.24,9,2,1
35,67049.25,98672.0,11,2,0
44,66779.89,85876.81,8,3,0
32,52605.99,297545.44,16,4,0
43,48072.57,80243.09,17,2,0
41,16271.87,5000.0,11,1,1
45,79374.81,24004.08,11,2,1
38,68966.19,165558.16,8,3,0
45,56416.68,200187.16,7,4,0
60,57255.47,79092.17,16,2,0
40,74722.89,196736.98,11,0,1
36,28905.8,164495.4,14,0,0
24,48202.37,108631.19,11,2,1
36,37273.94,104373.22,12,2,0
24,95430.19,130852.21,6,5,1
27,77513.11,172647.35,12,3,1
67,15946.15,143837.67,13,1,1
22,29724.77,79391.5,9,2,0
43,57353.09,109547.58,10,3,1
61,50551.2,238875.81,13,1,0
67,33512.36,135072.83,16,2,1
25,98895.24,172159.53,12,2,0
26,66250.8,152393.1,13,0,1
37,69496.33,136401.46,8,4,1
46,46159.7,126521.93,17,4,1
67,74445.48,173843.44,13,0,0
28,52391.34,163118.53,6,2,0
26,54333.14,135833.61,18,1,1
31,72220.04,78374.25,12,2,0
63,27420.05,143133.53,10,1,1
19,91940.56,115979.52,12,0,0
37,63647.78,101504.65,11,5,1
24,85618.88,280726.56,9,1,1
26,38491.6,27656.92,8,2,0
65,41536.7,177510.77,11,2,1
18,36762.0,68239.74,14,3,1
34,65005.95,127871.73,18,4,0
65,61319.67,274115.25,14,2,1
49,50711.76,62257.86,11,0,1
21,39718.62,76567.64,11,1,0
42,34668.07,118949.18,10,3,0
68,59030.32,69166.98,11,2,1
38,50688.26,173043.38,18,0,0
45,46287.86,87928.23,15,1,0
45,90941.79,159240.58,11,4,1
52,58353.49,40248.65,22,1,0
27,85400.86,11590.11,12,1,0
61,49334.96,106260.9,14,6,0
69,64895.53,25889.53,15,3,0
25,58890.48,211096.13,7,4,0
60,26047.55,28211.79,9,1,0
60,88566.77,57738.8,16,1,0
56,57296.93,144817.19,12,3,0
37,74928.36,84818.16,15,2,1
42,44959.43,28896.72,9,2,0
61,56703.11,242397.85,13,0,0
25,42662.95,59901.97,18,2,0
61,84719.97,108224.53,17,0,1
65,66228.19,107448.45,12,4,0
53,67341.07,162618.55,13,3,1
35,87163.68,147741.15,17,1,0
47,83126.83,70391.94,12,3,1
20,75306.85,100450.37,15,2,1
66,31565.45,106384.65,10,2,1
35,46086.42,164937.57,9,0,1
20,39922.24,49900.69,16,3,1
59,74550.67,241086.63,9,5,1
52,63413.04,74449.0,10,1,1
50,32189.75,119475.04,6,2,1
20,56225.12,50400.63,13,2,1
57,30117.75,42110.46,10,1,0
51,58936.87,67534.3,10,2,1
59,26892.55,61768.61,11,1,1
61,70576.55,95144.58,16,3,0
29,67559.25,61262.1,5,3,1
28,98158.97,161733.15,11,3,1
66,76957.47,73020.97,12,3,0
45,51541.71,66371.07,16,1,0
40,76361.4,96421.87,18,3,0
32,32046.72,179570.33,8,4,1
51,40750.55,132892.57,14,1,0
57,66662.85,114018.63,23,2,0
18,16835.01,34017.31,18,3,0
46,59256.78,51437.49,13,1,0
69,39594.73,43295.4,12,4,1
32,62026.14,198411.07,18,3,1
32,38445.27,151833.79,7,2,1
63,68484.96,68302.77,12,0,0
21,60386.55,86137.7,8,3,1
38,88007.32,70482.59,11,1,0
41,60134.69,66848.33,11,2,0
59,44627.14,147618.06,14,7,1
24,55062.28,102747.83,9,1,0
40,33115.27,244870.06,20,1,0
25,68122.75,195021.59,11,0,0
58,71797.0,198568.82,16,2,0
50,109383.92,160281.42,12,2,0
43,47563.28,94640.46,8,3,1
38,54644.11,155867.45,17,5,0
25,48484.83,99070.04,11,0,0
65,64242.27,217816.56,13,1,0
51,67633.81,144256.76,11,2,0
34,58932.5,135741.62,7,1,1
39,81726.52,127624.36,12,0,0
55,47660.41,224415.99,11,1,1
55,79723.48,33974.98,14,2,1
41,70769.96,230297.27,11,1,1
33,59759.4,108830.77,14,1,1
52,53701.27,35631.06,11,0,0
52,108533.36,74867.42,19,2,1
49,43659.83,20951.56,10,4,1
21,65958.66,159219.4,5,1,0
42,44995.62,57702.42,7,1,1
49,95712.41,130120.06,14,4,0
67,77736.53,188053.02,10,3,1
45,46433.0,79678.98,9,2,1
35,70251.9,103913.78,12,4,1
46,65153.91,41798.0,12,1,1
27,49667.5,96698.57,8,1,0
22,75163.28,274441.42,10,1,1
53,67786.11,166675.99,10,0,0
69,64313.97,104116.17,16,4,1
61,59161.61,83298.72,8,2,1
48,68621.09,117442.0,10,1,0
20,64587.75,127803.05,10,0,0
69,61181.87,94855.82,11,1,1
41,47179.68,151803.55,15,5,1
33,93875.32,62793.15,14,6,1
64,38991.6,62496.74,15,2,1
56,68552.72,142211.73,18,1,1
56,53595.19,49881.49,2,0,0
32,95190.95,163741.04,11,2,0
69,41930.35,119143.16,16,3,1
41,45294.73,10325.45,10,1,1
45,40603.64,126569.95,16,2,0
57,66469.3,18891.2,8,2,1
52,32538.99,161601.72,13,4,0
26,50429.43,105077.14,7,2,1
33,16952.68,231065.05,11,0,0
36,64808.43,184278.77,11,3,1
67,49995.7,56358.45,7,3,1
55,30238.87,5000.0,10,2,1
37,81712.19,74693.92,7,2,0
56,33846.66,46724.48,10,1,1
56,75938.87,229544.29,18,3,1
38,45979.18,119381.12,15,2,1
38,92031.43,176005.13,8,2,0
64,74991.01,102898.15,9,4,1
47,39839.04,109219.95,15,4,1
25,41658.35,118042.38,17,1,0
55,72110.5,186392.36,15,3,0
48,54752.44,138697.49,10,2,0
44,56613.15,56559.97,14,1,0
55,85444.78,217350.85,10,1,1
65,45026.22,102431.07,15,1,0
35,61825.88,92668.79,14,4,0
39,79092.56,5000.0,13,3,0
27,76182.35,158063.98,12,1,1
51,56807.75,126060.76,15,4,1
38,54221.88,125995.54,10,0,0
35,25223.69,95830.52,8,2,0
54,38875.1,85486.93,9,1,1
39,66367.18,97825.17,10,1,0
42,57242.36,147789.65,12,0,0
40,61498.54,158347.07,15,4,0
31,80785.07,106138.1,12,0,1
24,36253.54,176936.25,14,1,0
61,55276.39,115261.55,11,1,0
22,63774.22,89746.41,14,3,0
34,45916.8,131904.93,11,2,1
52,88629.54,38436.81,10,2,1
24,78171.74,133963.1,14,2,1
52,65802.67,27469.07,9,4,1
56,95884.64,58336.38,11,2,1
52,30022.09,5000.0,12,2,1
33,59845.47,109492.98,16,0,1
19,67326.74,216578.02,16,0,0
64,41708.9,112975.4,19,6,1
34,66014.29,158615.12,10,5,1
59,37868.35,261138.83,7,1,0
28,73811.15,144243.35,12,0,0
26,81156.7,74087.28,15,2,0
58,65446.67,82345.88,9,1,1
66,22944.04,120039.49,9,0,0
62,40664.13,82026.32,10,1,1
57,71294.2,86514.78,9,0,0
30,60423.97,179115.23,14,0,0
65,15000.0,181569.38,22,2,0
52,84856.61,21186.45,13,1,1
26,62733.13,70909.83,11,0,0
24,43618.51,92159.74,14,0,0
63,79899.11,155945.34,13,4,1
32,46449.2,188584.54,10,4,1
57,46230.96,282118.08,15,3,1
25,67167.05,92059.6,23,0,0
32,95620.77,95056.28,12,2,1
32,92471.74,155314.2,12,0,0
32,67194.23,79067.0,15,1,0
53,69247.71,111542.29,13,2,1
65,75829.98,95097.71,9,1,1
65,34860.33,5000.0,15,1,0
56,72882.97,127393.99,10,3,1
28,45318.53,109058.34,15,4,0
67,66369.56,196273.86,11,1,1
46,55450.65,120329.42,9,2,0
46,70024.17,44715.15,7,1,1
54,62362.07,104514.07,13,4,1
57,15000.0,5000.0,13,3,1
67,63577.83,47344.93,12,1,1
48,72843.06,158130.36,10,1,1
49,68918.57,105159.57,11,5,1
56,57948.28,175350.49,12,1,1
31,92843.23,5000.0,17,1,1
34,66227.46,105452.32,6,1,0
50,68753.47,91469.25,13,1,1
21,80889.84,177350.91,10,0,1
34,67251.86,160365.77,16,0,0
55,42039.64,158535.13,9,2,1
68,15000.0,212484.6,18,0,1
45,50457.58,97914.77,16,1,1
38,75218.91,200104.85,11,1,1
40,52938.07,57347.63,11,2,0
53,76023.57,55147.34,11,2,1
46,62974.56,165164.79,5,3,1
19,85761.32,29715.56,14,3,1
46,54095.67,154365.94,11,2,1
38,69352.3,126078.79,13,3,0
54,70117.7,184311.16,12,4,0
63,90032.04,116433.36,14,1,1
68,25867.25,123362.94,11,4,0
49,50831.83,150555.9,7,4,1
36,76970.32,80241.03,19,2,1
41,90917.93,77627.62,12,1,1
27,64801.43,148465.77,13,1,0
66,54145.92,118242.73,13,2,0
62,75142.37,95561.16,13,4,1
62,77374.05,115032.95,18,1,1
35,52806.77,215673.57,9,3,0
34,66606.15,93418.9,13,1,0
62,83610.55,91678.82,5,0,0
46,97809.18,17553.35,5,0,1
54,74852.1,117458.82,10,0,0
43,60882.78,159413.01,18,1,0
41,58918.5,170171.89,18,2,0
50,71147.93,126493.06,10,3,1
60,57686.54,177350.01,12,4,1
35,63792.81,163873.82,11,2,1
60,38842.47,186777.01,12,2,0
30,85941.14,179058.16,12,0,0
38,37196.31,214198.69,11,3,0
65,51357.76,109818.41,12,3,1
67,61951.87,40376.52,13,1,0
66,99819.74,159823.12,7,1,0
34,51546.34,166833.19,11,2,1
61,46679.68,214199.72,14,4,1
66,48983.66,196877.42,10,2,0
68,93177.94,236728.35,9,1,0
19,15000.0,157191.24,8,3,1
56,39945.24,133728.64,17,9,1
69,114625.77,36901.01,18,1,0
57,71817.64,138485.79,14,4,1
30,37880.3,86849.8,13,7,0
57,59161.64,132690.6,15,1,0
23,61349.09,123270.79,7,1,0
42,76922.5,148304.02,14,1,0
50,96790.04,114160.16,10,2,1
41,67771.03,176101.21,9,1,1
54,49204.23,5000.0,15,0,1
30,75741.69,131399.61,10,6,1
49,46034.95,192149.39,7,2,0
51,39333.25,232202.91,11,1,1
50,24801.82,163917.68,10,4,1
33,28697.43,221092.98,18,1,0
33,42071.1,130136.16,17,2,0
31,36444.2,120171.75,5,1,0
42,66264.73,151764.94,9,1,1
48,36011.96,119808.34,14,0,1
36,15000.0,73058.55,12,3,1
39,39121.76,89085.59,13,2,1
32,50562.81,53270.83,16,2,0
29,47891.01,151702.63,14,3,0
52,90390.49,120683.51,10,1,1
60,47729.15,98382.83,16,1,1
33,77618.47,85998.97,9,4,1
62,59620.35,150303.38,15,1,0
47,59153.91,166826.89,15,1,0
26,43292.39,52169.16,13,0,0
37,58824.35,42738.92,9,3,1
18,44698.08,177270.6,12,4,0
20,63400.49,37492.01,13,2,0
35,55275.01,152849.21,14,3,1
41,41107.44,217014.55,12,3,1
59,79837.89,217154.09,10,2,0
24,68536.81,164272.36,15,1,0
61,51038.75,162528.57,10,1,1
30,62909.86,255114.45,4,3,0
25,58323.55,5000.0,10,1,0
54,42648.18,92139.86,9,2,1
58,61409.92,170909.51,6,6,1
49,47579.76,99762.78,10,1,1
24,41101.32,194386.7,9,3,0
23,27544.65,117638.76,14,1,0
38,52827.85,127904.63,19,2,0
41,71339.41,103519.52,14,0,0
69,46106.81,88649.34,17,1,0
32,110414.17,87173.4,10,3,1
28,77713.71,136269.98,13,2,1
67,86086.6,73526.1,16,1,0
26,75904.86,177192.29,16,4,1
19,97057.3,159193.56,13,2,0
39,44259.96,185964.99,10,4,0
38,15000.0,52264.54,9,2,1
50,51077.49,18031.41,15,0,0
63,71164.37,119748.85,16,1,1
66,63030.34,293928.04,6,2,0
33,65509.45,195972.53,10,0,0
69,86418.2,86733.22,11,1,0
50,67641.15,145470.73,17,3,1
21,75978.26,163655.21,8,1,0
66,41208.75,37896.71,13,3,1
25,38092.13,202177.55,5,1,0
48,92282.28,109954.55,12,5,1
59,62018.03,114559.15,7,1,1
30,47535.42,121427.08,14,3,1
32,47572.11,188672.41,12,1,0
42,47017.54,74689.07,17,2,1
64,45820.82,17581.8,14,1,1
29,34337.04,139377.32,8,1,1
52,29991.59,5000.0,14,5,1
41,56099.91,101933.78,12,1,1
23,48141.48,191212.46,9,2,0
54,82143.19,154745.63,14,1,0
61,65861.53,182541.36,4,1,1
47,65306.35,157221.08,10,4,1
27,45137.59,264620.07,12,3,0
26,57579.43,84705.62,15,2,0
40,67220.02,143887.9,14,3,0
44,74323.91,93712.77,11,2,1
46,58122.16,177408.08,9,4,1
30,81582.48,116305.51,11,1,1
44,60159.79,223130.69,15,4,1
33,75856.94,88151.04,11,1,1
53,50202.96,204427.59,12,1,1
59,23748.23,155588.37,17,2,0
51,65367.18,118052.34,8,3,1
18,74506.48,152546.54,16,0,1
69,71506.95,135675.86,14,4,0
19,68443.73,141357.28,9,4,0
69,53028.26,107587.74,14,4,1
19,43865.07,77904.69,19,3,0
44,71034.57,99895.73,18,0,0
23,68528.95,19011.3,10,2,1
22,48782.02,170516.9,10,0,0
53,82188.48,45890.16,13,4,0
55,42342.69,106941.18,10,2,1
24,48329.53,158882.7,9,1,1
68,92728.5,170363.8,10,2,1
34,77371.64,13520.88,12,2,0
34,52839.81,114489.12,17,1,0
33,65747.61,147584.68,11,2,1
41,63095.84,123120.97,12,0,1
27,15000.0,200644.5,11,1,0
40,41870.52,70691.59,9,2,0
28,58983.07,5000.0,10,1,0
20,52867.77,168619.56,20,4,0
37,64942.05,87774.83,5,4,1
52,82589.65,14487.56,8,2,0
57,53569.28,110489.26,16,5,0
36,38846.9,193833.48,18,2,0
34,66497.03,44204.84,11,0,0
58,53467.53,260159.76,5,0,0
53,56878.73,69727.1,10,3,1
61,54164.53,125220.65,12,0,1
65,104836.76,46852.05,13,4,1
60,15185.91,122496.62,6,4,1
66,52233.32,111975.13,7,3,0
39,59926.22,30630.37,15,3,0
38,44377.15,289549.62,13,1,0
34,77996.52,90279.77,12,1,0
30,76265.15,90332.25,12,5,1
56,59044.91,178142.15,11,2,1
55,54586.52,228855.29,11,1,0
59,57760.86,187586.21,12,1,0
26,57904.27,47929.19,14,1,0
43,58432.54,132834.54,12,1,1
29,56240.02,7117.65,12,2,1
64,65048.99,174102.3,11,1,1
31,75064.24,21888.71,7,1,1
25,35394.8,71807.92,11,2,0
47,38986.72,119807.91,7,1,0
63,25029.64,146700.39,12,1,1
65,77327.95,104343.92,14,3,1
22,65006.47,211145.02,12,6,1
34,70105.35,163394.37,21,5,0
25,31410.04,158683.49,15,3,1
34,95698.96,46235.95,8,1,0
45,47822.98,221962.07,7,4,1
32,63364.12,71816.09,14,2,0
21,77087.69,224252.55,7,4,1
44,40260.4,241331.7,12,2,0
20,49073.51,150759.39,12,4,0
29,63583.44,181920.79,6,4,1
18,117149.46,5000.0,12,2,1
22,66022.49,108299.86,13,2,1
40,92127.22,186129.94,13,2,0
62,84113.46,175470.62,14,0,0
58,67360.2,46816.6,8,2,1
23,40216.08,102376.68,15,3,0
19,81195.07,5000.0,13,1,1
35,30037.79,144779.57,11,2,1
51,92017.5,7000.3,13,0,0
56,64000.11,187828.67,9,0,1
60,15000.0,190963.49,16,0,0
35,53189.88,91537.99,16,1,1
26,73078.96,151276.56,9,1,1
19,55259.52,106974.08,12,4,1
25,74300.12,134514.5,15,0,0
21,42999.52,51164.43,7,2,0
62,33880.35,157349.56,14,2,0
31,58571.09,21528.89,11,0,1
60,60631.31,10204.19,8,0,1
46,53032.31,112684.3,13,1,1
46,84545.82,107325.4,11,2,1
41,42995.85,136338.1,13,1,1
60,66263.31,81029.55,14,1,1
20,61359.4,233141.5,16,1,0
22,28865.68,129636.3,7,2,0
40,33619.4,133972.91,13,1,1
38,60238.22,131834.03,9,5,0
46,99624.0,180174.59,11,0,0
56,71585.4,154561.04,15,3,0
48,25487.3,146521.07,10,4,1
31,15000.0,164159.05,8,3,1
35,74661.07,10523.12,8,2,1
57,58075.73,12789.14,12,2,1
28,82825.32,115436.48,8,1,0
44,42385.64,108139.57,8,1,1
46,67004.25,154788.59,7,1,0
57,76923.47,121201.01,8,3,1
55,51050.73,154911.9,16,2,1
42,51478.29,45264.28,14,1,0
34,60505.26,119355.33,13,2,0
37,70853.53,39536.6,12,1,1
39,59713.32,143211.48,10,3,0
29,79479.93,7302.9,7,0,1
50,50761.3,140898.61,12,1,0
28,33432.1,31860.04,16,1,0
51,99539.51,96988.33,17,0,0
57,47907.33,173695.66,11,1,1
68,48631.16,133642.8,13,6,1
24,58683.93,21260.39,10,1,0
57,61343.62,79656.37,13,2,1
22,52266.33,29917.29,14,1,0
35,59651.32,18314.49,14,4,1
27,59204.76,127059.79,13,2,0
26,63496.39,153617.9,12,1,0
27,15000.0,146436.36,10,2,1
20,97617.53,156157.61,9,2,0
60,57054.23,119285.35,12,1,1
21,71612.45,103596.59,12,1,1
38,32437.97,55615.84,12,2,1
54,50579.99,93595.22,8,4,1
69,46553.68,40719.1,16,1,0
62,89394.48,69290.07,14,1,0
25,48283.73,125335.61,7,2,1
69,75161.6,112931.63,15,1,0
51,46991.59,303883.68,10,3,0
27,50947.62,39252.26,11,0,0
41,55089.0,112494.08,16,3,1
65,85676.9,34576.07,10,2,1
38,22202.95,96732.85,13,2,0
27,33686.73,99174.41,8,3,1
63,21053.9,170692.8,14,3,0
67,38249.96,93020.01,12,1,1
68,43768.0,108520.82,10,1,1
67,27710.37,94180.92,10,2,0
63,45317.05,35936.9,16,0,0
41,19705.71,80873.86,14,1,0
27,39640.23,97083.8,12,1,1
50,84008.41,124429.55,15,0,1
29,68071.76,153536.84,11,2,0
42,63749.35,105924.21,9,1,1
52,39944.43,104869.42,9,1,1
67,29278.3,16751.21,10,4,1
33,37216.88,152384.07,12,2,1
31,59135.8,78246.13,11,3,0
56,77363.54,164827.39,12,1,0
18,78047.35,198986.4,14,1,0
47,72612.25,108725.1,12,2,0
56,45248.86,58601.32,12,0,1
46,60491.0,118998.08,9,2,0
37,53573.15,140922.12,11,1,0
61,55976.2,101068.8,14,1,0
37,100742.56,86157.7,7,5,1
54,24760.0,153811.93,12,2,1
42,55306.46,149854.7,9,1,1
19,84234.98,99222.62,10,1,0
45,30682.17,20756.03,12,0,1
20,47125.05,147382.69,6,2,1
66,49419.23,73960.37,10,3,1
49,55534.21,132860.46,10,2,0
37,28080.86,129069.43,16,4,1
43,71905.72,6663.15,10,5,1
50,73325.75,124864.9,14,0,1
31,70167.51,150871.95,12,3,1
32,42592.53,158229.14,16,2,1
39,61730.22,127041.95,14,3,1
31,42011.2,5000.0,19,2,0
57,53348.07,196624.86,15,4,0
23,103069.36,144661.36,16,3,0
60,61913.91,47800.84,8,1,1
36,36249.47,72734.22,16,2,0
47,63606.71,133873.45,17,3,1
26,32964.08,160787.05,15,1,0
38,36019.79,90722.23,12,0,1
57,39177.54,169531.52,15,1,0
32,51113.81,12433.99,7,2,0
24,78739.38,57452.46,12,3,0
45,71567.96,5000.0,12,4,1
26,70459.91,66155.69,12,1,0
34,38021.51,210484.63,14,2,1
41,49173.71,243468.13,10,2,0
47,65440.02,134075.43,9,2,0
51,47433.6,81694.25,8,3,1
53,54432.67,106701.61,9,2,1
61,68827.17,148400.39,13,2,1
21,53024.55,26221.15,12,2,1
36,64521.19,85650.05,15,3,1
18,91854.57,206093.58,12,6,1
18,56562.82,57257.4,12,1,0
29,83586.76,75058.51,13,5,1
49,71187.4,120791.62,11,2,1
64,30655.16,136988.54,12,0,0
58,37957.26,82499.76,13,4,1
51,43328.08,124617.86,15,4,1
58,42903.3,156476.37,16,5,0
26,58194.21,237687.11,12,0,0
61,72292.88,112425.34,10,3,1
64,85103.17,117522.16,13,2,0
22,66163.5,211647.14,13,2,1
42,51086.41,87050.05,10,6,1
61,18355.18,40538.82,7,1,0
42,61411.79,135014.94,15,0,1
61,60515.4,184570.5,9,0,1
66,63658.58,141662.83,13,1,1
42,102124.81,114179.06,15,3,0
21,84811.93,33096.4,7,3,0
35,75701.22,116497.85,12,2,0
29,40758.46,193989.3,7,1,1
42,49740.11,45952.98,9,1,1
48,58103.11,105315.17,11,2,0
42,44491.86,96750.92,9,2,0
28,70009.29,78137.73,13,4,1
33,67138.18,134875.38,10,2,0
53,38233.84,146598.31,11,3,0
19,83936.33,145969.61,6,0,1
29,62046.21,61391.41,9,0,1
64,25418.58,21240.98,11,2,0
23,58973.14,135743.31,13,0,0
39,65624.13,89644.86,12,2,0
28,79455.85,230298.74,10,3,1
23,53250.47,233070.58,16,3,0
39,76558.77,239441.39,12,3,0
45,63742.84,63593.35,7,2,0
27,33698.91,154162.15,16,3,0
22,31696.66,172257.15,4,2,0
25,82451.2,165501.25,10,0,0
51,83919.68,98736.12,12,2,0
62,66458.18,196749.89,10,3,1
27,89914.13,120028.5,8,5,1
34,81132.2,127686.37,14,2,1
35,73672.57,27729.99,13,1,1
36,41773.77,158685.9,8,2,0
30,94628.58,104375.3,8,1,0
20,70726.03,147886.73,10,1,1
45,52283.22,134106.82,11,0,1
36,46634.6,130856.19,11,1,0
35,65135.68,117257.19,13,3,1
31,26578.82,167195.98,11,1,1
66,73993.47,108066.45,8,5,1
49,40928.58,32688.15,15,3,0
39,67412.16,154137.34,12,1,0
28,49567.59,71459.67,16,1,0
59,54711.63,40544.29,11,3,0
64,44861.8,58665.4,16,2,1
19,56775.41,136999.94,13,1,0
66,97787.59,114208.87,9,1,1
54,87701.19,5000.0,16,1,0
23,67089.58,96980.64,13,2,0
57,59494.11,190153.87,14,1,1
23,76884.02,92922.26,12,3,1
20,82599.41,110071.41,19,1,0
23,43403.63,182579.49,15,3,0
41,58451.22,167729.36,16,4,1
50,23560.84,181305.07,15,1,0
39,82462.04,5000.0,17,3,1
24,101300.49,224011.38,11,2,0
28,61601.65,158184.03,10,1,0
62,17499.8,267688.58,7,1,1
68,72177.81,73060.44,11,1,1
57,41918.22,14192.96,14,3,1
23,46733.01,120433.11,11,1,0
60,72531.53,103477.66,18,2,0
53,65091.08,159219.84,12,3,0
45,50237.82,184495.7,8,2,0
25,47007.89,114762.35,16,4,1
69,62516.72,105557.52,7,2,0
41,51810.69,151363.19,12,2,0
20,37815.26,104620.28,14,4,1
28,53348.74,99601.07,10,2,1
38,66791.85,182228.1,20,4,0
21,56437.93,195586.67,7,0,1
34,31729.83,185037.97,13,2,1
42,79781.29,109906.22,17,5,1
67,15000.0,5000.0,15,1,0
22,51072.7,111107.63,13,0,1
47,47596.03,74521.2,9,2,1
65,62963.58,112216.5,8,1,1
59,71233.24,79734.55,12,2,0
66,82535.3,118755.61,13,2,1
26,45751.9,57643.46,8,1,0
59,71731.65,43156.95,17,4,0
68,63916.37,193361.49,18,4,0
34,25769.21,61820.54,10,2,1
43,98010.81,120019.9,16,3,0
45,31224.5,177270.89,6,4,0
43,68389.95,174858.25,22,1,0
33,67799.2,167690.89,10,1,1
68,65512.74,138171.99,15,1,1
67,50108.46,163440.2,6,2,0
37,76545.05,202385.29,16,0,0
59,28792.65,145501.36,12,3,1
38,58683.42,9767.86,12,0,0
59,48722.51,88288.01,16,1,0
48,46454.04,161782.2,14,4,1
42,68574.96,82374.24,17,1,0
24,81549.57,217206.37,15,1,0
52,53134.88,116209.21,12,2,1
34,75613.62,125114.93,16,3,0
29,60994.81,187484.65,6,4,1
28,42145.36,109029.01,12,0,0
69,54840.96,130576.62,13,1,1
23,54010.28,173947.41,14,1,1
59,46066.8,31663.76,10,3,1
63,68569.66,102882.11,16,1,0
19,64692.92,169749.2,9,0,0
48,28187.01,123936.01,11,1,1
48,26969.48,208040.03,21,5,0
36,68493.69,25444.6,12,1,0
52,43694.27,18599.89,15,2,1
39,66040.82,166181.19,14,3,1
40,75618.63,171948.43,14,1,1
40,34580.94,108405.0,16,0,0
59,31769.25,144023.66,10,5,1
50,93488.63,164712.42,13,3,0
37,67031.42,71168.21,14,1,0
66,51615.19,77589.1,13,2,1
59,41321.19,131383.57,17,5,1
66,49791.18,174245.34,12,2,0
55,36188.55,50042.58,8,1,0
38,77668.24,108123.14,9,2,1
58,44464.98,105345.8,2,5,1
35,81870.69,145077.55,15,3,0
32,51987.42,119478.1,12,2,0
41,39133.0,87246.98,13,3,1
68,51473.97,194913.95,7,2,0
47,15000.0,87644.55,13,2,1
37,57584.63,102474.22,10,3,0
42,56597.62,24510.14,11,0,1
33,76494.85,77182.45,9,2,0
52,22273.9,150964.56,13,3,1
36,83237.33,139236.12,9,2,1
46,76411.99,155971.02,11,6,0
37,85040.87,153058.94,10,1,0
34,58945.57,245262.84,16,4,1
68,80277.94,75128.47,9,1,1
35,30575.12,22834.58,12,1,1
21,74260.95,56966.82,13,5,1
37,44576.74,77780.89,18,2,0
45,26971.96,61540.38,8,1,1
22,37517.19,125619.65,16,1,1
33,60110.62,195159.29,10,2,1
26,43514.02,212379.54,11,1,0
44,67521.47,150258.51,14,2,0
55,23835.25,248476.33,14,2,1
68,17458.05,98617.62,7,2,0
38,87447.75,22048.86,19,1,0
62,78076.0,183190.68,15,2,1
29,39014.06,9684.34,8,2,1
58,59940.01,74699.82,16,1,0
47,80390.14,151206.73,14,1,0
57,68384.01,113857.11,11,0,1
57,62964.46,108542.83,8,3,0
45,81903.08,49152.6,10,5,1
31,45385.75,119351.86,10,4,1
45,60623.57,180219.75,18,4,1
60,59643.03,121198.07,14,2,1
68,54544.76,70186.45,8,1,1
66,52203.89,45147.69,7,1,0
27,61457.36,71424.33,17,1,1
49,60688.15,143540.03,11,2,1
23,39031.45,140616.14,10,0,1
52,76035.92,71969.57,4,3,1
69,40472.3,5000.0,10,1,1
20,55635.33,145200.77,9,2,0
52,54094.39,66137.56,8,1,0
67,67162.07,161343.75,13,1,0
62,17617.92,74633.42,10,1,1
38,77818.2,60725.97,17,1,0
23,46460.19,129190.31,9,0,1
66,84399.27,261461.95,5,1,0
65,50436.7,164941.8,11,2,0
48,59023.13,128173.16,11,2,0
68,98275.72,141531.09,18,1,1
18,54453.24,14933.05,12,2,1
50,84777.0,52659.58,10,2,1
20,60780.9,5000.0,13,0,0
66,68308.38,223792.43,14,0,1
53,61399.17,211643.16,5,3,0
65,76957.03,143569.11,13,4,1
47,46289.37,128106.91,16,1,0
22,40319.03,26904.6,16,0,0
19,47228.48,106842.0,9,4,1
35,61994.21,227543.51,9,0,0
56,55583.62,127884.96,10,1,1
25,74205.5,86121.21,15,1,0
62,86094.63,14515.76,11,0,0
30,40483.23,202818.34,13,1,0
43,45321.02,115794.97,10,0,1
28,31275.21,14595.97,15,3,1
42,100607.46,64544.06,9,1,1
41,66093.39,43347.72,20,3,1
18,69596.05,112095.39,13,4,1
47,33195.83,132440.34,20,0,0
58,59976.6,89806.98,10,4,0
66,70184.96,166622.8,15,2,0
35,54944.85,124728.13,9,1,0
63,81514.11,183738.74,13,2,1
63,106236.62,98568.36,11,1,0
69,41058.74,302719.54,15,4,1
37,39558.26,86130.68,15,3,1
62,42444.88,65800.2,17,2,0
47,92123.98,58421.97,13,2,0
21,80847.11,107343.56,9,3,1
32,57289.44,16827.83,12,4,1
52,60731.19,137673.77,13,0,0
26,43669.13,5681.77,16,1,1
40,77800.54,129700.26,17,3,1
58,52401.96,38924.9,10,2,1
25,54798.47,97122.4,6,2,0
43,72175.8,156272.42,13,7,0
29,56240.1,258242.26,8,4,1
45,55300.68,55319.97,10,2,1
30,60211.5,110980.95,14,2,1
68,75907.11,76574.48,9,2,1
21,92929.86,67807.78,10,4,0
68,71709.72,77101.6,17,2,1
59,76066.28,169443.99,12,3,1
62,56002.92,90716.65,8,1,1
62,45844.04,254958.76,8,1,0
27,73079.72,144958.76,9,2,0
66,63424.82,59399.36,13,1,1
48,31547.43,97997.69,14,1,1
68,53438.61,71889.18,14,2,1
63,58342.06,168004.12,14,3,1
48,49790.84,21673.22,12,1,1
37,89634.71,39542.92,8,3,1
24,69596.78,84507.23,11,0,0
23,87463.5,160976.81,8,1,0
38,65268.51,193983.62,16,3,0
60,61627.76,202832.53,8,2,0
44,41268.04,151788.09,19,4,1
43,60238.59,115026.63,10,0,1
30,60261.08,167677.55,12,1,0
47,32657.72,51329.96,10,0,0
51,49209.45,9320.57,10,2,1
69,53534.35,146198.25,13,1,0
55,68269.59,59659.29,14,3,0
49,69227.0,116081.6,16,0,1
65,48373.63,127177.62,16,1,1
40,69377.39,134887.17,9,1,1
66,56358.42,176267.49,12,1,1
37,15000.0,169924.51,12,3,1
24,50305.96,131700.0,13,2,1
39,81579.77,93479.08,13,3,1
24,26363.88,126465.73,9,1,1
24,62253.82,84227.37,13,1,1
63,91705.22,108214.26,13,1,1
59,44787.74,277090.41,10,1,1
29,60042.98,130931.38,12,3,0
61,33919.67,147014.7,7,2,1
21,92544.62,77671.16,14,3,1
32,58333.35,181204.4,8,2,1
54,60932.54,165616.35,12,1,1
33,87086.01,166041.15,16,0,0
55,73229.57,132893.47,12,1,0
63,42487.43,182051.41,10,2,1
21,47054.44,196301.11,11,0,1
19,69898.63,136985.94,9,1,1
66,47517.58,113123.26,10,1,0
45,17655.13,173674.26,11,1,0
44,58935.18,65752.48,16,2,1
42,30395.75,76922.38,16,0,0
40,92325.64,116801.98,18,0,0
53,63535.75,15518.58,19,2,1
48,41896.5,169655.72,13,1,0
26,46027.35,62225.17,13,3,1
50,22212.05,91710.54,13,2,1
52,38010.76,107203.22,12,2,0
23,80326.46,122357.21,7,3,0
37,104635.72,99380.8,14,1,0
59,74527.93,115957.74,10,1,1
50,58159.15,116422.34,14,4,1
25,51360.81,93178.14,5,1,1
20,40870.08,73608.33,17,2,0
48,101195.32,184888.44,13,4,1
42,56225.03,5000.0,20,3,1
67,102312.6,107657.09,9,4,0
45,87870.39,91866.03,20,2,1
66,25184.07,145127.49,14,3,1
29,46680.95,32742.43,15,0,1
41,46619.1,90012.88,10,3,1
25,58403.07,113858.42,10,3,0
47,58793.71,184204.42,10,4,1
27,119924.78,139931.1,12,2,1
43,38455.44,48990.71,12,4,1
35,64579.4,90751.4,11,2,0
27,72330.15,173163.08,14,1,0
23,59968.56,47953.51,11,1,1
44,62203.61,115281.34,9,2,1
67,39103.82,119452.77,16,2,1
28,62129.72,96853.02,16,2,0
39,70227.98,281745.11,8,0,0
29,66552.01,95236.11,9,2,1
60,71404.02,146985.91,11,2,1
39,88252.16,74021.93,13,3,1
68,78739.33,151664.88,6,3,1
30,61425.89,172247.26,16,1,0
22,36564.83,84722.16,12,3,1
48,47999.89,116717.89,9,2,1
51,55607.38,66283.21,11,2,1
69,65046.92,51335.77,13,1,0
63,50433.34,182207.73,16,5,0
63,41285.34,86759.94,10,2,1
50,36236.03,5000.0,8,1,1
36,26976.44,225921.37,10,1,1
40,55300.99,71874.28,12,1,0
24,30606.69,105217.62,9,1,0
40,39989.49,218454.39,12,0,0
36,52121.96,111495.47,10,6,0
19,33281.65,110199.8,10,3,1
28,67595.04,46309.62,7,5,1
45,74804.46,21909.98,13,3,1
37,49011.46,110016.82,8,3,1
69,51259.45,141768.59,13,4,1
42,70748.6,138331.52,13,3,0
67,45720.1,91124.34,4,1,1
52,44345.32,121215.47,13,2,0
20,83929.97,9767.4,14,1,1
28,77683.75,147610.02,4,0,0
54,72031.0,129684.35,10,0,0
46,78512.89,238419.65,14,5,1
33,20454.43,120448.78,13,2,0
45,87076.71,63439.84,8,1,1
64,67841.24,116956.61,10,1,1
38,80215.63,100332.01,15,1,0
20,67743.24,146082.47,10,1,0
34,60978.5,121613.52,10,2,1
66,54493.82,44403.2,18,3,1
57,67342.89,21855.4,13,3,0
61,53765.04,135774.49,14,5,0
65,77357.52,202986.87,11,2,0
24,28270.87,124760.87,11,1,0
32,49168.48,168797.84,11,1,0
21,100896.46,180768.55,5,2,0
18,47478.39,136007.51,8,3,1
61,55226.33,71130.51,14,3,0
66,42348.38,131718.49,19,3,0
26,66716.91,192424.37,13,4,1
55,45274.7,151793.43,7,5,1
45,56287.78,164894.72,9,3,1
21,76977.33,92247.23,9,2,0
65,46024.73,107858.77,5,2,1
63,75772.22,112876.36,12,0,1
47,76444.59,116919.72,16,1,1
54,81099.12,190077.5,15,1,0
38,62810.82,5000.0,12,1,0
59,124825.18,121832.3,18,1,0
41,81090.67,115230.22,11,2,0
69,66497.55,37709.93,16,1,1
21,42481.51,160306.03,15,5,0
26,58058.82,76529.99,17,2,1
68,88526.54,98578.04,5,1,1
33,94190.69,230926.91,15,6,1
34,89566.58,180598.42,15,2,1
59,75703.85,154469.22,8,4,1
27,34886.8,142846.62,11,3,1
44,69743.24,110119.2,11,2,0
32,35171.95,239962.64,15,2,0
28,30250.58,168130.06,15,2,0
68,64783.17,75027.01,17,4,1
28,70463.99,35993.86,16,0,0
22,78067.54,154010.28,12,2,0
53,69942.72,116647.85,12,2,0
63,70631.72,34263.71,14,4,1
24,40306.95,145715.17,13,2,0
54,57900.47,103858.37,14,1,1
46,29857.66,151839.9,14,1,1
61,19932.62,146504.41,8,0,0
24,74812.85,83504.16,16,1,1
68,44937.51,157970.69,13,1,0
50,77449.97,90125.7,14,5,1
61,82166.95,94027.09,14,3,1
36,47613.65,88063.72,19,1,0
67,71806.22,187858.47,15,1,1
50,46776.87,103165.66,15,1,1
24,23082.42,202346.59,11,3,1
65,62466.19,227009.09,16,4,0
59,50582.52,75676.85,13,0,0
33,51198.22,5000.0,13,2,1
46,99506.86,182670.57,12,1,0
38,29482.86,99481.69,8,2,0
46,67657.42,68028.82,13,2,0
68,40103.86,84676.91,5,0,1
64,78165.23,95111.17,12,0,0
29,65968.62,197831.59,11,0,0
68,67586.89,129594.67,18,2,1
40,41102.21,197015.92,8,2,1
54,44688.24,149653.21,11,2,1
57,78545.01,101446.16,18,3,0
43,95415.95,96578.57,7,2,0
41,69606.16,153696.53,16,3,1
41,42051.59,169225.54,19,2,0
62,66778.77,179807.56,15,6,1
38,108549.44,104307.69,10,2,1
32,62048.46,130512.35,14,2,1
36,89236.82,155042.42,9,3,1
28,45193.41,96962.1,7,0,0
38,59158.28,51903.6,8,2,1
23,72391.3,71623.74,16,5,0
22,67946.57,105537.87,12,3,1
55,44672.23,159732.43,10,1,0
22,43809.65,195538.65,11,1,0
47,79765.69,38637.17,13,4,0
58,83831.02,84159.3,6,0,1
55,90242.87,98528.25,9,3,1
41,96078.61,167683.02,14,1,0
28,62692.39,88313.37,20,2,0
66,53776.02,94216.06,13,3,1
61,87019.82,35280.45,9,1,1
49,74261.39,149004.44,9,3,1
22,40350.89,110316.06,11,3,1
19,39327.29,80757.3,11,1,1
34,69838.6,104429.21,13,0,1
26,56454.51,187619.73,8,4,1
62,59471.4,59706.79,16,2,0
28,81450.67,69500.42,11,0,1
32,75180.74,195135.15,16,1,0
68,86597.46,124546.49,13,2,1
60,21369.28,160185.25,16,1,1
29,65067.96,144105.11,9,1,0
37,73893.77,117879.93,9,0,1
44,29468.28,99102.05,13,1,1
52,46902.09,169893.48,8,2,0
66,43190.3,189740.19,5,2,1
63,60433.96,185051.3,17,1,1
68,92557.08,48871.7,12,0,0
20,100451.79,198294.66,5,2,0
30,43714.25,98523.88,6,2,1
47,70531.15,74698.23,22,3,0
20,71175.96,109840.34,16,3,0
36,67752.52,169867.71,10,2,0
25,67979.59,152427.85,8,0,0
66,66074.85,104676.82,16,4,1
21,93751.4,170259.95,11,4,1
25,82049.33,128391.63,7,3,1
28,38796.92,85621.71,12,0,1
25,75914.42,77517.88,10,1,1
47,77847.47,144614.09,15,0,0
36,66299.35,115048.94,12,2,0
65,82628.49,37469.69,14,3,0
31,63761.48,170829.69,16,3,0
45,64009.35,91183.5,12,1,0
52,62424.81,215527.18,16,3,1
50,19635.12,35820.6,23,1,1
59,58392.03,109157.48,12,3,0
28,46634.99,78001.34,13,1,0
44,36271.04,61474.65,9,1,1
59,88680.37,90792.56,18,2,1
62,70084.15,226234.06,14,1,0
50,59403.38,128602.21,11,2,0
51,48703.93,72497.52,7,2,0
62,65923.39,10282.3,19,4,0
50,79828.72,16718.25,17,0,0
67,43460.68,87812.21,18,2,0
24,59903.43,81978.72,12,2,1
36,77361.33,106556.96,9,0,1
23,21279.98,5000.0,16,5,0
22,58848.6,114499.1,17,1,0
42,51414.17,181663.79,17,4,1
29,57323.4,217370.47,12,1,0
39,49967.43,6333.23,15,1,1
40,62752.49,71916.43,15,1,0
50,98472.54,68745.97,12,1,1
67,53521.55,128743.29,11,0,0
62,65834.22,46813.65,9,1,0
37,99894.93,220935.79,10,2,1
34,48999.69,122611.35,12,4,1
58,96293.51,112611.22,10,2,1
24,60106.46,215562.82,16,4,0
46,95637.92,119037.14,13,2,1
39,75004.02,144018.2,11,2,0
27,66142.17,74952.1,14,2,0
50,58687.39,37769.88,22,1,1
34,47519.17,83378.3,14,0,0
27,61515.83,251218.55,14,3,0
51,77947.23,157981.26,10,2,0
27,59737.77,136472.09,11,4,0
52,53667.54,61417.6,9,5,1
26,54984.35,174675.05,13,2,1
40,79849.53,38538.4,13,6,1
60,84503.23,25976.61,19,1,0
29,46656.99,86466.77,15,2,0
57,46628.24,237269.45,6,3,0
55,67587.18,233873.65,15,2,1
64,90550.64,92925.78,12,2,0
26,82919.81,79548.06,10,6,1
55,34962.96,21578.28,10,0,1
66,54718.48,124681.84,10,0,1
57,41387.93,129720.77,8,2,1
27,54649.75,167373.38,9,1,1
60,92088.2,174642.45,10,2,1
23,31547.99,108154.68,10,1,0
48,27622.69,153361.67,11,3,1
43,43428.92,77961.67,12,2,0
45,65746.21,152222.55,11,0,0
45,72415.1,89566.08,15,0,0
19,68748.97,147567.51,12,1,0
44,83513.71,142710.08,12,0,0
66,24738.29,124128.22,12,0,1
40,83766.73,167672.38,13,3,1
32,53758.09,25776.06,13,0,0
69,74629.89,56105.03,15,1,0
23,33531.49,103796.42,16,4,1
43,60099.13,33404.2,7,2,1
44,64725.42,95588.13,13,1,0
42,83115.02,97522.18,19,2,1
65,28294.91,198581.03,6,2,0
39,60615.05,128552.02,15,1,0
68,38295.29,181765.77,14,0,0
21,70109.92,138100.48,11,0,0
56,75544.33,87859.96,12,1,0
48,85743.4,128023.01,7,1,0
30,49299.41,163765.58,8,0,0
29,78544.53,191604.08,13,3,1
55,87218.03,112061.4,10,3,1
51,27135.06,21149.36,12,1,1
49,72246.9,16931.86,12,2,0
20,79170.23,100415.24,18,4,1
49,54825.47,5000.0,17,2,0
69,35784.53,227706.27,13,3,1
18,78859.12,155815.99,9,2,0
42,36009.82,81859.98,19,0,0
43,56432.97,53421.14,17,3,0
64,59197.52,181687.15,9,2,0
32,74310.76,53181.77,9,0,0
42,47467.37,58906.39,12,1,0
55,46308.33,74043.24,13,4,1
21,61978.31,126845.24,14,1,0
59,80127.81,157247.85,19,2,0
60,105749.0,191560.33,12,1,1
55,29850.38,182698.28,18,2,1
51,66306.84,120046.42,14,0,1
56,38269.3,181231.32,7,2,1
58,80376.22,79740.02,12,1,1
64,41229.11,10748.04,12,3,1
40,46507.04,79732.14,15,2,0
41,48214.58,71624.37,11,4,1
51,58476.02,82080.78,13,2,1
28,66463.95,62437.52,12,1,0
62,69674.03,92333.43,10,4,1
58,59884.65,157201.03,14,0,0
50,33402.18,222915.43,10,4,1
33,74555.72,16479.21,21,1,1
36,58940.83,42735.92,11,1,1
40,83234.7,72513.22,13,0,1
52,45845.22,165944.51,10,2,0
58,27954.51,107703.15,15,2,0
52,59319.48,76553.45,15,3,1
66,85919.05,163003.98,10,3,1
67,63218.84,177383.42,8,3,1
54,56006.6,118874.4,16,0,1
37,42593.06,71026.85,12,2,0
49,95155.33,136216.77,11,4,1
40,39407.95,106003.91,13,1,0
50,45492.11,105539.21,16,4,1
60,71400.68,89255.99,11,2,1
37,22879.59,175498.99,14,2,0
44,85491.81,134992.81,6,1,1
20,72483.86,182142.05,12,1,0
56,77984.62,200179.57,14,4,0
43,71162.34,147538.85,12,1,0
41,56777.53,89611.37,10,0,0
45,38737.03,182419.57,16,1,0
29,57198.49,147939.88,14,5,1
49,40495.27,276202.07,11,3,0
56,69723.11,138606.17,10,1,1
36,76135.6,161861.28,8,4,1
24,89536.17,137425.43,8,0,0
38,67435.35,114054.08,15,4,1
28,78491.51,104472.51,13,2,0
37,54057.11,137654.63,10,2,0
50,50434.46,151270.55,12,1,1
23,69473.44,189263.27,6,3,1
56,52270.54,138531.03,17,2,1
29,65383.72,92226.65,17,0,0
64,38776.16,100388.76,7,0,1
56,42367.45,40623.78,15,1,1
32,72708.19,219672.83,9,2,1
47,77733.8,87529.58,17,1,0
23,40286.88,178046.43,17,2,1
23,73412.29,136593.05,15,5,0
67,49345.29,138223.91,15,4,1
59,60330.1,112953.13,12,2,1
26,88338.89,72732.07,12,1,1
32,76149.74,61887.88,11,2,1
28,75917.44,223707.92,15,2,1
38,98175.81,126837.66,10,5,1
33,45922.41,187516.06,8,3,1
35,40282.5,203094.42,10,0,1
45,45557.55,95349.18,15,2,1
27,54909.98,145410.35,21,2,0
63,15000.0,122700.65,8,2,1
55,55851.44,50567.17,17,2,0
57,49108.59,108871.2,10,3,1
26,75675.2,155250.4,18,0,0
54,67048.39,90058.24,17,1,1
61,47986.07,100509.41,7,1,1
27,71799.22,109597.99,13,0,0
57,74465.26,246691.76,9,1,0
36,44629.08,9957.06,16,3,1
58,50139.51,150098.6,18,2,1
42,15492.74,104799.66,7,0,1
59,38186.8,81560.71,12,1,0
25,45150.61,103327.46,14,2,1
38,61483.32,160042.57,12,2,0
32,41092.35,163471.42,20,1,1
30,49730.96,131161.03,6,3,1
34,35493.39,185564.48,14,3,0
37,63422.28,196129.98,14,0,1
24,68514.29,168982.56,13,2,0
54,68047.31,87228.45,10,1,0
46,60247.22,149666.49,13,3,1
61,29178.54,149952.04,12,1,1
54,47600.93,71062.11,8,3,1
25,51853.87,25833.67,5,1,1
21,51934.09,5000.0,15,4,0
39,61499.62,124191.33,7,0,0
43,88510.83,137882.38,9,3,1
30,76241.92,49093.11,9,2,0
58,40249.64,182761.94,9,1,1
48,73568.06,129133.09,11,0,0
56,72806.05,200967.16,18,3,0
23,43878.65,142232.15,9,3,1
60,76977.32,56019.99,10,1,1
28,56792.47,147496.87,10,2,1
41,31800.93,160206.64,10,3,0
40,69104.05,87142.58,14,6,1
60,64339.24,33474.42,9,0,1
32,55446.45,126017.76,16,0,1
30,59250.94,59949.32,13,0,0
35,45618.29,187253.26,13,0,1
36,72202.61,95569.4,12,3,0
27,59130.99,223476.07,15,1,1
27,63328.98,5000.0,16,1,0
30,67142.84,128087.74,14,2,0
42,36908.29,205763.56,14,0,0
35,42114.34,66581.74,15,3,1
38,15801.11,110447.94,10,0,0
55,71294.85,95817.86,11,2,1
30,35755.8,78973.94,11,4,0
65,62651.39,134677.36,17,0,0
57,67419.76,42274.7,13,1,1
27,72047.06,113341.87,19,5,1
34,35919.66,150959.65,14,1,0
27,58696.77,107094.38,9,2,0
32,93405.61,59987.75,12,1,1
37,94286.29,181811.12,15,1,1
24,79746.46,163815.42,5,2,1
18,66749.86,57528.77,17,0,0
40,39897.87,42353.55,11,2,0
54,74372.43,62884.54,17,1,0
33,56839.58,152716.39,10,2,1
62,71210.57,136534.37,7,3,1
37,47343.13,167404.96,13,2,1
64,56541.34,100430.99,11,0,0
30,63282.95,64515.95,11,2,1
46,64925.56,175130.79,15,2,0
57,69874.45,86793.09,13,1,0
21,48416.1,131192.88,12,2,0
66,33134.31,27004.51,13,3,0
36,92495.7,85811.37,9,0,0
43,109785.08,180563.78,7,2,1
50,68948.41,77023.53,17,5,0
51,33520.16,168870.23,16,5,1
19,44536.1,5000.0,9,1,0
63,70182.35,86436.5,15,0,0
50,86822.31,109718.72,9,1,0
69,35742.19,224552.42,19,1,0
42,57513.34,49856.23,15,3,0
49,63918.64,160259.6,10,2,1
40,77291.57,183415.91,16,3,0
64,53127.98,76710.62,10,4,1
61,28723.71,97588.56,14,2,0
65,72423.95,128497.73,11,1,1
44,82495.92,31110.9,13,2,1
59,58348.17,92693.81,16,4,1
36,68104.8,196566.72,15,1,1
41,50510.18,151359.29,6,1,1
57,43084.54,110594.92,15,5,1
22,80528.51,126784.34,11,0,1
54,67749.92,154854.32,11,2,1
18,69807.37,166344.61,8,3,1
48,90042.3,86615.15,15,1,0
42,38903.15,212083.26,12,1,1
42,48959.47,198980.89,8,2,0
43,63158.67,160635.46,9,2,1
43,48713.74,69422.41,13,2,0
39,75662.73,58786.57,10,2,1
41,56252.02,100403.77,9,2,1
47,40149.34,123645.91,11,3,0
57,61315.43,13890.49,13,0,0
46,63406.78,149681.59,14,1,1
51,78693.64,197247.74,8,4,0
61,67862.82,154588.45,13,1,1
69,69222.93,79436.83,16,1,1
23,66405.83,72335.8,8,0,1
55,56235.55,137991.14,7,5,1
29,45675.62,110801.78,12,0,0
28,65776.77,146582.47,14,2,0
59,53337.5,156103.28,10,3,0
21,93796.45,185513.43,11,5,0
62,86843.65,52072.59,14,2,1
58,72656.78,133297.14,11,1,0
69,67569.34,98191.5,14,4,1
52,58240.82,114081.9,11,1,1
63,34777.53,171864.53,8,3,0
24,55676.56,178387.55,11,0,0
64,62028.0,203906.62,10,2,0
26,64589.13,145535.42,13,1,1
34,69390.73,113398.99,13,3,0
24,78426.6,104827.29,9,3,1
38,46156.92,15914.7,10,3,1
56,46338.49,200384.1,15,2,0
31,89017.13,100686.1,9,4,0
60,75419.63,150353.82,12,2,1
49,52184.58,160739.79,11,1,1
50,57855.78,45281.07,13,2,0
66,57945.72,64599.22,12,0,1
40,60631.48,212821.19,18,2,0
35,69453.66,137426.13,22,2,0
69,110699.85,85164.86,11,3,0
46,63795.13,112419.18,6,2,1
49,73251.96,185174.21,10,0,0
33,26270.47,176058.87,9,2,0
29,50302.0,32035.09,8,5,1
26,84576.3,218057.03,9,2,0
29,68046.31,177968.88,11,2,0
28,15000.0,110851.49,6,2,0
56,73480.46,48496.65,11,1,1
21,98363.29,183240.52,12,5,1
50,20081.85,148585.65,16,2,1
67,90387.75,32532.1,17,1,1
57,15000.0,106075.32,18,3,1
38,78759.98,307570.38,16,0,0
21,59827.03,120990.11,16,3,0
61,15000.0,75481.76,7,0,0
18,68922.76,59490.2,10,1,1
53,83016.79,226325.94,16,3,1
52,67277.74,170865.57,14,3,0
27,71696.55,204446.35,12,6,0
56,51766.48,134891.12,11,0,0
27,22772.2,195241.15,15,3,1
29,73837.28,69100.78,13,4,1
60,94995.08,129755.46,12,4,1
68,82591.62,137223.21,14,3,1
31,20242.48,202946.82,9,4,0
65,29702.11,139130.58,14,4,1
65,43080.65,82469.3,15,1,0
58,28140.49,123844.43,11,7,1
25,60883.8,19415.21,10,1,1
33,67868.32,5000.0,20,0,0
53,31394.93,169880.48,6,1,1
69,75542.57,97515.37,9,5,1
60,72022.08,104314.96,10,1,0
39,49036.82,169856.8,9,4,1
30,56549.56,203820.62,11,1,1
67,21003.98,152069.28,12,1,1
32,53354.76,235684.37,12,5,0
35,60147.7,150161.35,21,2,0
68,63374.95,138132.81,13,2,1
47,67577.54,134423.33,11,0,1
31,64884.83,42870.27,12,2,0
18,54713.13,177359.92,15,3,0
40,65723.9,5000.0,12,1,1
69,80040.64,84824.83,11,1,1
40,58090.04,121375.82,7,4,1
54,66351.9,72614.26,10,2,0
31,56276.58,92894.64,11,4,1
58,47064.82,230362.53,8,3,0
58,70457.59,186241.43,11,1,0
49,48895.48,78850.34,10,0,0
58,67722.94,91826.01,10,4,1
48,60565.11,43379.76,16,2,0
37,53921.31,162299.63,10,3,1
56,53437.14,105015.45,16,4,1
61,49837.58,5000.0,12,0,1
61,27083.98,126047.02,12,5,0
29,67657.9,146338.73,12,1,1
53,64630.94,177788.46,5,3,1
18,76993.41,115598.71,14,2,1
47,49370.86,97639.73,9,0,1
47,97907.67,239175.88,10,3,1
36,52405.28,120395.17,11,2,1
69,42497.81,163173.71,21,1,1
63,40126.3,87627.62,9,2,0
20,25321.55,161394.58,10,1,1
28,90652.56,32662.26,14,0,0
28,87421.35,92275.95,12,3,0
64,72014.9,47503.55,19,3,0
44,42078.22,83701.6,11,3,0
55,96225.35,195028.2,8,2,0
60,52965.62,83260.45,15,1,0
57,54619.48,163095.37,15,1,1
22,88745.18,211035.91,11,0,0
25,73178.21,118345.36,19,2,1
38,104022.06,179626.03,17,1,0
35,64974.45,151865.16,12,0,0
56,52059.38,126986.22,10,0,0
26,47763.9,165018.94,12,3,1
37,23060.08,230396.29,12,0,0
30,54428.08,81763.87,18,1,0
27,82891.87,62447.95,9,2,0
26,71976.68,58925.13,13,3,0
28,60406.16,179665.68,13,0,1
47,40101.31,187762.06,14,2,0
39,64537.46,87777.78,6,2,1
40,80256.27,5000.0,15,3,0
42,68614.39,79514.6,13,3,0
56,63334.7,152871.25,16,2,0
62,44060.85,115996.61,10,3,0
45,77343.64,130820.86,12,5,1
51,15000.0,88599.33,8,2,1
56,67656.91,180845.35,8,2,0
53,111406.44,140591.51,17,1,1
24,29832.53,155187.81,13,1,1
69,55172.61,129543.94,8,0,0
26,59841.78,151462.09,9,3,1
39,50748.34,147514.3,8,1,0
51,80727.48,64315.52,15,4,1
38,69449.02,142383.79,8,6,1
30,63046.01,167490.49,8,2,1
66,75945.45,189308.49,10,3,0
21,60335.01,144966.43,5,1,1
30,123597.29,62084.97,13,2,1
69,63026.94,71320.96,12,2,1
55,63905.64,93891.12,22,1,0
22,25790.64,131367.83,12,0,1
57,49130.99,112665.83,13,2,1
68,82947.55,52576.08,15,1,1
23,33290.86,52216.8,13,2,1
39,16848.86,5000.0,15,2,0
42,60646.31,5000.0,13,4,0
24,87414.89,112093.09,16,3,0
28,60847.62,259213.82,9,2,0
27,53277.51,227806.77,16,2,1
27,22830.24,61306.12,7,4,0
38,69045.08,128994.2,12,3,1
42,73225.5,32125.23,13,3,1
30,24365.35,41273.43,15,0,1
33,82690.65,48151.64,16,2,1
27,75313.91,106470.08,13,0,0
59,82646.32,109052.42,12,6,1
29,71670.5,135162.12,7,2,0
65,73073.65,159792.98,6,2,0
46,70414.42,99787.14,16,2,0
59,77369.45,122172.12,18,3,1
51,23624.84,54371.25,7,3,1
31,29978.81,39330.18,9,1,0
49,45279.84,30061.66,8,1,1
32,57403.6,158954.87,15,4,1
24,67762.74,99725.53,9,3,0
31,66493.63,7732.78,13,1,0
32,82342.12,116214.66,13,1,1
25,82969.91,45070.72,18,3,1
19,42552.3,219622.73,18,2,0
67,64771.52,85270.7,9,3,0
44,43043.37,160890.36,10,1,0
38,56235.06,185337.78,12,3,1
66,66435.83,62704.29,11,5,1
29,15000.0,124562.83,15,0,0
38,108224.88,153208.07,7,1,0
62,71328.17,126932.77,13,1,1
50,48085.93,141666.05,12,0,1
38,98547.4,40222.24,9,2,1
31,53051.38,153242.17,12,2,0
19,62650.39,90830.15,15,1,0
22,50257.68,140967.07,19,4,0
26,93039.84,175199.33,14,1,0
58,57900.31,160128.51,9,4,1
51,62989.68,140923.18,10,6,1
40,84075.64,158527.7,10,0,1
58,71702.79,161304.66,11,1,0
26,58913.04,209730.07,10,2,0
28,82207.82,117956.96,6,6,1
38,110769.66,129837.42,13,1,0
65,66348.21,175924.01,12,1,0
49,62335.2,90576.74,7,1,0
62,63412.54,39883.95,13,2,1
30,86208.59,149593.81,7,5,1
62,48016.05,107638.58,13,0,0
21,54433.65,47548.36,16,2,1
29,29251.14,150032.52,10,2,1
45,36322.64,205867.98,13,4,1
20,49644.0,22215.45,14,1,0
62,58881.26,181339.5,17,1,0
63,95381.67,5000.0,11,0,0
46,70719.86,95982.8,9,1,1
33,41758.43,230430.95,10,1,0
23,45440.39,100300.56,15,1,1
50,87494.97,125396.3,6,0,1
45,82532.21,165771.97,12,3,0
57,60563.0,17011.59,10,1,0
49,51149.47,124325.69,12,4,1
24,82498.66,123852.78,11,3,1
24,40133.46,231739.26,12,2,0
58,67840.61,45855.55,10,0,0
26,105453.18,97107.64,11,2,0
66,64107.11,64298.65,17,2,0
23,44487.81,57935.29,11,0,0
55,68207.37,187644.16,10,1,1
68,50599.83,121599.09,15,2,1
40,32117.68,86665.97,19,1,0
20,74020.72,88929.25,12,1,0
63,82356.69,86206.38,8,3,1
27,53781.87,91571.81,8,4,1
45,52455.29,44133.28,10,2,0
69,40768.69,104476.23,12,3,1
56,57001.29,98447.6,10,2,1
20,48752.63,74532.2,8,3,1
60,39779.35,129302.78,11,1,1
26,97843.38,134393.37,16,1,0
56,69329.86,86601.17,7,4,1
50,71447.9,111351.95,13,2,0
32,77667.99,249517.42,8,2,0
40,75420.72,247226.0,12,3,0
24,51737.8,56754.59,10,3,0
69,65451.05,65133.15,11,2,1
30,54619.39,56435.8,12,3,1
34,68769.27,183423.24,12,2,0
44,66833.82,96088.24,16,2,1
52,52346.79,134380.45,9,3,1
44,33414.03,239818.04,12,1,0
44,62924.74,119372.11,16,3,0
48,55914.61,162374.92,13,2,0
62,22192.56,151225.24,8,1,0
38,70153.24,84706.96,14,3,1
61,79306.84,183549.7,12,5,1
58,110567.13,69017.95,11,0,1
67,52176.05,200392.79,8,4,1
65,49225.76,84752.94,7,2,1
59,37811.58,91321.94,12,0,1
30,64172.84,54690.73,16,3,0
58,64046.36,64544.44,16,3,1
56,43774.07,94394.14,12,2,1
33,56501.4,5000.0,12,1,0
53,20426.69,106000.06,16,4,0
31,78527.53,89521.55,14,4,0
45,44586.41,167400.67,9,1,1
59,59306.87,145378.84,11,1,1
27,31466.13,77541.75,15,1,0
35,48352.93,92486.95,12,0,0
59,54408.18,105922.92,9,2,0
41,59774.18,209157.39,16,5,1
67,69594.65,70661.72,16,2,1
18,88781.5,76814.36,10,0,0
55,74654.22,52284.95,12,2,0
60,79243.29,31077.63,11,0,1
65,88922.08,138420.22,12,2,0
26,71394.16,132174.2,11,1,0
69,59265.86,196965.71,21,2,1
38,80182.24,182484.54,20,0,0
36,81460.19,263827.0,11,4,0
36,72971.32,115567.63,7,2,0
51,30907.45,104368.23,13,2,1
52,43170.8,41986.42,7,1,0
42,54502.92,161794.69,19,5,1
21,75592.42,127112.05,14,2,0
69,59573.07,159075.98,15,0,0
29,82737.37,51652.55,18,2,0
22,86304.73,141096.25,15,1,1
49,83983.41,132311.98,12,2,1
39,84110.81,128342.1,12,1,0
50,39260.12,79004.05,16,3,1
63,69652.71,191359.48,19,1,0
23,47849.42,243018.45,6,2,0
32,27018.67,53379.36,11,1,1
44,54250.58,163226.64,10,2,1
58,86494.74,5000.0,9,5,1
49,69214.84,160116.6,5,2,0
37,100356.19,7790.72,11,3,1
49,63544.6,88501.96,11,4,1
68,108956.06,41218.52,11,4,0
42,63550.42,107063.31,16,0,0
63,60449.61,170327.62,11,1,1
58,34412.2,8561.2,19,2,1
33,82211.25,98431.22,12,2,0
30,49957.5,89197.87,14,1,1
58,47059.05,214862.92,10,1,0
28,85624.61,145905.66,14,2,1
35,83164.45,49366.97,8,4,1
30,82641.03,91722.34,15,3,1
49,52756.18,213366.25,12,1,0
33,58980.48,162861.92,10,1,1
52,58802.91,64905.99,13,0,0
66,75650.36,103975.77,17,0,0
61,91071.29,105893.45,15,2,1
67,67362.93,87721.08,12,3,1
19,99497.82,17387.27,11,2,1
41,77943.89,79342.7,8,2,0
29,55304.01,203351.96,11,1,0
65,76574.23,97131.33,19,2,1
55,94118.81,113804.78,9,2,1
34,99965.78,128431.54,12,0,0
47,83737.83,253088.48,16,2,1
49,60513.49,120532.49,14,4,0
43,55666.13,185636.72,15,1,0
42,71521.39,84109.19,7,3,0
20,93479.49,104436.04,14,2,1
41,68675.38,120753.16,11,1,0
36,69090.64,73552.02,8,2,1
60,61027.96,107776.93,20,4,1
62,53442.18,173283.06,17,0,1
57,56757.31,71978.13,9,2,0
19,62708.52,120005.34,15,2,1
61,94362.0,162524.01,12,2,1
38,55205.72,70532.04,19,2,1
39,61052.24,185724.83,15,0,0
67,42692.45,124373.01,17,5,0
63,74332.62,110092.65,8,1,0
20,87333.58,5000.0,14,1,0
36,92489.96,97583.25,10,2,0
56,64067.29,142295.54,16,6,1
46,71487.09,224720.7,9,5,1
31,56928.99,154073.35,13,0,0
45,70560.37,187572.97,17,4,0
63,66279.3,47453.73,16,2,0
29,61165.29,112390.65,15,3,1
56,62755.07,193244.79,15,3,1
56,69038.45,66735.99,18,1,0
64,54116.95,177913.36,12,2,0
33,55150.06,163999.07,12,1,1
29,94147.24,136483.42,13,0,0
46,114210.94,100277.84,17,1,0
45,35912.66,60822.29,12,2,0
39,34810.58,226522.76,21,2,0
58,40856.94,157911.75,9,1,1
59,57934.23,140436.97,18,4,0
30,77915.61,95229.02,9,1,0
59,71825.06,122272.3,14,5,1
29,63440.62,129883.04,12,1,1
39,70578.71,143992.54,9,2,1
19,46158.28,164060.42,15,1,0
35,55117.54,73051.71,8,1,0
67,59598.11,32004.18,13,5,1
41,28315.67,125056.85,12,1,1
54,36773.8,15166.96,12,1,1
23,37568.68,100580.34,12,2,0
51,75282.16,89448.61,15,3,1
37,64907.1,149504.89,8,4,0
56,72221.22,238955.82,12,1,1
66,23206.9,5000.0,13,3,1
45,30328.67,256451.1,14,0,1
23,73264.31,106015.49,19,3,1
42,15000.0,140868.52,9,1,1
24,84492.59,35110.07,9,1,1
41,23533.66,179812.29,8,1,1
21,76866.9,122488.35,7,2,0
51,42228.31,116311.96,14,2,0
34,80978.07,5000.0,6,0,1
28,124163.22,124427.81,9,1,0
18,15000.0,170749.7,15,0,0
64,73907.54,105823.28,8,0,1
61,23836.75,190451.96,7,3,1
60,68535.38,187973.71,6,4,1
21,55864.56,81534.28,7,2,0
36,62595.65,215706.83,11,2,1
68,41766.27,122717.7,12,0,1
48,75610.82,122984.72,11,4,1
24,31032.84,125938.87,10,1,0
25,84832.75,124158.95,13,3,1
31,51814.99,5000.0,19,2,0
68,31946.19,108869.62,17,1,0
26,91898.74,38163.21,12,2,0
64,58653.15,217580.14,9,3,1
53,98152.72,215164.98,12,5,1
65,84427.12,171116.3,9,2,0
60,44037.09,105691.95,12,1,0
35,58300.2,59519.1,20,3,1
61,62420.76,80545.14,8,1,1
26,90526.06,236558.51,10,2,0
33,68750.35,78468.16,12,1,1
29,63525.85,5000.0,10,4,1
24,56002.41,181809.93,11,3,1
22,58988.86,210030.19,12,2,0
27,86091.84,219552.94,17,2,0
24,60074.11,182300.88,18,0,1
37,52100.05,192091.18,10,1,1
21,48709.86,123176.04,6,2,0
21,48924.7,5000.0,9,2,0
69,31958.08,121672.86,18,2,1
22,44992.49,157294.37,10,3,0
21,89968.41,111883.8,15,1,1
19,55868.01,109149.83,10,2,0
24,74088.23,62152.92,8,0,0
45,15000.0,59895.68,12,1,1
61,71366.23,230288.91,17,1,1
56,56772.95,232460.78,9,1,0
48,50371.2,119841.17,7,2,1
22,63619.2,136891.42,12,2,1
58,50083.49,61148.52,10,2,0
19,17522.5,158554.49,12,3,1
50,78444.96,225578.95,7,3,1
39,64860.35,28246.15,15,2,0
63,53721.15,147833.0,11,1,0
33,40676.29,152341.33,13,1,0
51,30602.85,151656.39,13,4,1
40,64477.85,218569.06,16,4,0
45,92268.82,242161.09,15,4,1
66,64063.33,105990.98,14,2,0
55,32344.77,160390.42,10,0,0
39,64502.33,125054.02,9,6,1
41,58933.14,82073.08,18,0,1
54,77280.87,136248.85,13,0,0
35,72134.66,160289.97,6,6,1
26,15000.0,133015.72,8,3,0
42,70904.84,67129.13,10,3,0
21,39930.41,92186.36,11,2,0
26,31565.43,92645.55,8,2,0
39,56230.53,69453.36,10,2,0
59,68219.42,138812.37,9,0,0
58,27185.31,145086.73,14,4,1
31,74091.53,178771.06,16,2,0
39,75266.78,68542.66,16,3,0
25,60939.52,85351.28,9,3,1
57,42647.53,213274.17,9,2,0
30,40412.44,110130.25,14,4,1
59,80518.64,121807.86,13,2,1
61,29775.55,109493.78,14,1,0
53,81289.41,187981.85,10,3,0
35,56696.02,190308.52,6,2,1
67,58083.31,186792.49,7,4,1
53,25838.25,121594.06,13,2,0
51,57065.67,67653.84,5,1,1
62,72271.71,235512.78,11,3,1
63,33271.8,171378.54,14,1,1
22,69972.72,92600.46,9,5,0
63,61780.25,205429.13,6,0,0
57,47124.89,87863.47,17,5,0
28,77093.46,204642.2,7,2,0
33,15954.86,208697.08,18,3,0
57,66933.61,64711.03,12,3,1
29,92388.7,154905.5,15,4,0
41,88798.86,166931.44,14,3,1
53,67796.13,276894.55,15,1,1
51,53966.38,75461.93,16,2,1
65,47283.95,205952.6,15,3,1
23,53941.48,121040.76,14,1,0
33,70876.14,45518.15,11,2,1
69,43855.12,112800.77,10,1,1
47,75148.48,120147.89,13,1,0
30,102663.21,56466.59,9,2,0
33,58762.34,138730.42,14,3,0
35,33112.1,177468.56,18,2,1
46,33105.11,134292.04,11,0,0
32,75531.31,87489.35,13,0,1
50,58805.08,111091.68,10,4,1
41,77536.62,119727.4,7,2,1
49,49327.32,133039.3,7,4,1
26,76612.47,186589.85,13,3,1
50,56834.02,136316.39,9,5,1
66,45349.92,35838.2,9,2,1
25,51980.03,86260.74,14,3,1
35,36058.91,129961.26,16,2,0
54,99787.19,187447.47,16,4,1
50,58072.36,197870.79,9,1,1
53,72890.28,226481.12,7,4,1
47,49262.62,127836.86,15,2,0
53,38961.44,165798.55,17,0,0
49,55322.39,32732.31,9,2,1
21,82023.85,145792.89,11,3,1
57,49585.36,55484.15,9,1,1
41,42589.36,116247.65,8,3,1
20,63109.28,301790.3,18,1,0
39,69980.45,138213.25,16,0,0
40,92856.96,68171.21,17,1,1
22,67075.01,144467.34,13,2,1
69,72879.85,88975.49,11,1,1
29,74385.5,62355.35,4,3,1
35,36939.69,246188.37,17,2,0
40,40733.36,184008.72,14,3,1
61,38322.07,140732.2,11,1,1
56,33357.08,96490.6,12,2,0
58,75909.2,101352.63,17,3,1
30,65801.0,212548.91,10,2,0
61,61589.92,138394.65,6,2,1
61,15000.0,5000.0,12,2,1
42,101109.54,265256.31,10,1,0
46,42114.56,130983.74,14,0,1
19,101036.26,140602.14,15,0,1
57,31015.17,185201.69,9,1,1
67,43751.98,147924.17,14,0,0
42,15943.01,164814.52,13,3,0
46,67242.5,94576.59,9,3,0
43,37974.86,46212.28,6,1,1
22,38540.0,136813.97,12,2,1
50,32549.72,205896.88,10,4,0
55,75547.1,81131.85,12,2,1
66,74229.27,76318.56,11,2,0
66,96240.68,193261.16,10,1,1
43,46285.87,92565.29,11,3,1
67,64376.39,95366.41,17,3,1
45,34213.3,97611.34,16,2,1
51,53299.22,116101.14,16,4,0
49,49623.09,25581.71,14,1,1
69,69289.0,87639.59,12,6,1
56,80340.44,133822.08,10,1,0
24,79821.33,133394.28,10,3,1
21,43143.75,189479.58,13,0,0
39,79969.36,230363.53,17,1,0
44,59118.3,210749.01,15,3,1
52,53508.06,174879.14,10,0,0
43,45829.77,111075.92,17,1,1
44,48801.28,82615.86,7,2,0
65,94846.28,121072.71,10,2,1
35,66148.22,155134.73,13,1,0
43,63492.24,169316.27,16,2,0
46,54755.06,157385.14,13,3,0
42,108919.57,112729.47,9,3,0
68,86100.21,167211.73,13,3,0
68,45578.76,195652.35,16,2,1
44,54527.7,172809.62,17,0,0
41,55715.11,118079.22,8,1,1
48,62917.44,69969.08,8,0,1
27,45975.48,68545.95,16,2,0
40,68776.33,79126.94,9,2,0
29,89041.76,135424.51,12,6,1
25,33727.44,151188.23,13,1,0
22,37437.07,35128.06,14,2,1
48,50336.83,89760.29,12,1,1
18,51264.09,134597.13,16,2,1
51,99969.32,66019.21,8,0,0
40,80034.18,146034.25,7,0,0
37,78886.45,101554.3,11,4,1
58,54712.69,76594.78,12,1,0
46,54273.73,123192.33,16,3,0
56,30965.89,143536.82,17,2,1
54,75634.8,69088.27,16,0,0
19,69821.09,105443.26,14,1,0
29,85719.95,148060.7,10,1,0
47,55783.41,74274.59,7,5,0
68,57164.42,20534.59,11,3,1
26,63400.91,27805.57,17,0,0
23,77837.95,94916.95,16,1,0
66,30595.69,40894.9,9,2,1
68,74721.12,99136.69,16,2,0
26,59590.09,219896.57,14,1,0
38,38827.25,37284.1,10,2,0
50,18307.88,103043.71,12,0,0
28,57270.53,247938.27,16,1,0
34,88954.26,144487.8,9,3,0
38,93493.69,97936.6,13,0,0
51,67107.52,110587.04,17,6,1
34,99240.11,145761.75,3,6,1
39,59141.18,221746.32,12,2,1
33,79066.07,88148.78,10,3,1
57,50975.38,74543.38,8,1,1
25,49708.02,37271.48,12,5,1
29,46449.82,126185.76,12,2,0
30,18789.42,35658.76,12,1,1
65,85741.85,92173.04,11,2,0
67,47167.35,65478.99,16,1,1
44,43971.22,184447.41,9,2,0
26,36400.57,89496.22,13,4,1
57,55912.81,143815.82,15,2,1
43,95269.85,23754.48,15,2,1
62,101875.58,127890.42,14,1,1
36,26782.66,47810.38,10,1,1
69,52911.04,94461.09,9,4,1
59,39312.84,252672.15,15,3,0
29,79766.75,175930.46,15,3,1
55,65731.87,112295.25,15,4,0
32,47268.61,311936.51,21,2,0
36,61451.46,65089.52,15,0,0
31,50451.63,189912.98,9,2,0
53,92284.92,28039.53,12,0,0
31,70939.19,105364.63,11,0,0
51,73396.47,39132.61,8,0,1
48,15000.0,135436.55,13,3,1
57,58664.23,123358.22,13,6,1
69,101664.22,101540.11,9,3,1
18,86522.58,185523.42,11,1,0
69,23058.21,85974.06,9,2,0
23,53731.48,139611.1,15,2,0
45,35969.61,169233.3,9,3,0
35,94222.03,31006.73,14,2,1
51,64885.57,75095.14,13,4,1
55,44644.09,123231.66,13,1,0
62,60683.16,157809.21,15,1,0
38,15000.0,205274.27,10,2,1
66,38300.77,107047.21,19,2,0
34,60728.87,101011.74,12,5,1
28,76913.51,67644.24,7,3,0
37,21173.72,139799.05,10,4,0
45,52376.89,102172.95,11,2,1
52,80193.71,103558.06,10,1,1
61,30970.93,114366.69,13,2,0
29,64583.66,153097.68,16,4,0
33,61319.49,86176.17,16,3,1
66,94287.61,73670.51,16,1,0
40,55397.28,145903.45,12,2,1
30,56567.99,5000.0,12,2,0
69,77099.2,83779.31,12,5,0
41,33473.03,50921.43,12,3,0
69,55582.34,192195.49,13,0,1
65,50885.5,93544.03,8,2,1
65,57221.76,86357.03,18,1,0
48,76968.13,117082.65,13,1,0
59,71083.23,84277.65,13,1,0
67,45026.35,95841.11,13,0,0
31,62733.98,125826.62,18,1,0
19,89808.83,94677.57,9,0,0
34,43372.69,94246.95,6,0,1
51,62903.34,59390.54,16,1,0
46,56136.79,50772.98,14,2,1
22,58739.9,123638.21,11,2,0
47,27386.85,138396.03,13,0,0
27,88215.26,34310.6,12,1,1
44,44512.96,165596.48,8,1,0
47,80521.44,165842.86,16,1,0
51,47572.47,178481.35,10,2,1
39,47489.91,137993.35,9,1,0
39,84262.47,158224.93,11,0,1
53,79877.69,251101.55,11,2,1
56,64173.32,101908.7,20,3,1
60,75223.01,57258.51,9,5,1
35,54228.94,27956.41,8,3,0
40,59832.65,225340.44,10,6,1
35,46767.51,226127.24,12,2,0
45,78081.3,64524.02,15,3,0
24,46131.73,76360.75,10,1,1
40,89703.13,100560.54,15,4,1
27,53683.32,193455.41,12,3,0
45,60410.17,42761.87,11,3,0
62,75174.56,5000.0,17,2,1
69,60477.29,250050.87,16,3,0
41,54041.83,138742.4,13,1,1
20,59399.53,147264.8,11,1,1
29,77876.37,107693.64,15,2,0
23,46742.96,147947.1,10,0,0
57,57475.26,29147.65,11,1,0
69,60205.73,69544.77,14,1,1
46,77291.7,126309.47,11,4,1
27,58003.09,5000.0,8,2,1
19,96165.98,101848.94,17,3,0
68,56869.23,98150.14,19,4,0
34,55246.33,101838.59,14,2,1
23,56579.36,86935.09,12,0,0
27,33667.17,60246.48,4,1,0
31,39265.46,10678.09,18,2,0
52,49386.66,128684.82,11,4,1
64,82716.6,101992.56,13,2,0
32,59337.48,37483.11,18,3,1
53,50307.12,123752.0,9,1,0
21,84530.69,102302.99,9,2,0
18,91023.54,92338.56,23,3,1
20,85107.65,5000.0,11,3,0
66,42938.2,160966.05,13,3,0
48,50095.03,46016.94,12,2,1
59,96274.72,123796.22,12,1,1
19,64822.79,71503.89,14,1,0
19,54647.46,96676.41,12,0,0
62,74366.96,189137.55,19,2,0
23,80145.98,151897.09,15,2,0
26,48571.01,187802.4,16,1,1
44,64388.8,139823.13,13,2,1
49,78531.2,143768.62,9,5,1
29,36794.26,13131.66,12,4,0
41,60246.91,100948.5,13,2,0
53,37712.21,106505.46,9,3,0
41,40328.39,193419.89,14,2,1
37,48738.0,89626.24,11,0,0
21,69542.39,135891.57,13,2,0
41,53559.55,133545.44,17,0,0
59,47031.64,189460.51,11,1,0
50,61031.09,111975.36,17,2,1
64,37060.75,169667.22,12,0,1
24,68576.06,17708.09,14,4,0
18,82627.74,23158.83,6,3,1
46,58415.92,5000.0,11,4,1
27,55947.02,167159.1,13,1,1
48,67468.81,160420.02,14,2,1
65,19430.61,173809.65,13,2,1
35,70736.35,79358.29,11,2,0
46,122037.72,86187.14,13,1,1
53,57546.48,112737.14,17,2,0
25,57617.5,206621.96,12,1,0
64,74872.14,221629.69,15,4,0
28,92906.65,167628.51,11,0,1
60,79499.36,139861.18,14,2,0
52,16887.86,200122.96,18,4,0
25,71267.98,104649.45,17,2,1
55,111438.6,96543.51,12,1,0
28,72448.82,112258.67,14,2,0
49,36907.96,61277.14,12,2,0
67,65636.59,109499.44,12,3,1
67,34386.25,52955.52,12,2,1
63,84656.07,181500.47,14,1,1
43,40882.35,152621.24,21,3,1
47,61484.87,205773.74,14,5,1
33,42844.4,22243.03,6,2,1
65,49071.04,234101.82,15,2,1
42,89723.01,25651.48,10,1,1
58,62069.14,48101.52,8,2,1
36,48815.95,82750.71,12,1,1
56,37095.44,198463.24,14,3,0
29,22565.97,133534.41,14,1,0
56,34974.39,105370.24,13,3,1
20,62239.18,72442.35,12,5,1
23,79604.68,37443.89,10,1,0
36,48792.97,187957.64,11,3,0
43,91410.87,167918.36,11,1,0
54,45649.99,201147.02,13,2,1
36,55239.77,143809.09,12,0,0
18,38408.47,5000.0,16,4,1
34,79815.23,45325.02,16,2,1
40,101950.21,147892.28,11,1,0
46,24763.66,97816.98,20,1,1
51,53076.76,86469.48,9,4,0
30,85295.6,53806.39,12,1,1
49,31061.09,176855.37,10,0,0
50,71333.68,147371.56,7,2,1
58,84429.44,150071.47,13,2,1
45,61564.58,81983.87,10,2,0
60,71005.26,130577.27,7,1,0
29,95218.05,39734.1,12,2,0
55,98968.53,112210.32,9,4,1
20,58760.66,5000.0,15,1,1
23,49352.44,25913.03,12,0,0
62,41600.4,100661.29,11,0,0
42,79539.28,262507.09,11,1,0
50,32564.49,11955.42,10,2,1
49,54948.52,45385.16,8,1,1
54,62053.8,133006.49,9,0,0
30,49939.95,226165.37,13,1,0
27,65596.41,132130.35,10,1,0
20,111290.27,162128.51,14,3,0
62,57568.03,99743.77,12,4,1
29,51291.89,89362.7,15,4,1
47,80306.64,124931.06,12,5,1
41,64791.67,80502.64,10,1,0
26,88786.72,163456.16,4,3,1
39,63293.75,23623.69,13,1,1
22,55031.54,173399.22,11,4,1
27,24325.5,122358.78,13,3,0
25,27605.31,107116.75,17,1,0
60,23286.03,21420.93,13,2,0
47,67586.78,61212.68,8,2,1
66,32755.01,191919.09,18,3,0
40,85111.55,107484.06,8,0,0
28,60604.93,136703.91,12,0,1
49,55116.26,67228.08,12,3,1
66,43122.9,118256.72,11,3,0
45,72445.17,37670.88,11,3,1
18,43910.04,125992.94,13,0,0
33,40292.44,142238.45,11,2,0
66,83767.0,139236.88,14,2,1
44,67092.42,65784.91,17,2,1
67,55301.41,99476.94,8,1,0
44,72828.66,152231.65,10,4,1
18,60178.64,107313.74,9,3,0
63,67660.26,102761.68,11,2,1
57,43663.04,234208.06,16,2,1
55,101407.97,62940.65,7,1,0
68,48407.6,184825.11,19,3,1
28,91120.33,50719.16,10,0,1
65,56222.62,159286.87,18,1,0
30,76141.94,162489.15,14,0,0
68,74684.47,89378.09,12,2,0
27,82937.04,46951.39,13,1,1
46,43187.53,5000.0,9,2,1
59,81512.71,83093.19,12,2,1
22,96928.8,151573.12,13,5,1
21,54826.14,55342.31,10,4,1
62,60694.12,125816.91,15,3,0
21,49531.07,31414.21,16,2,1
49,53071.27,105966.71,8,7,1
66,94228.46,51177.37,13,3,1
49,39915.31,115321.17,11,2,0
43,41157.62,89935.23,12,1,1
39,92218.02,48578.03,17,0,0
51,72490.97,80467.59,11,3,0
47,102407.4,63950.59,11,1,1
44,50991.23,41164.52,16,4,1
25,62525.62,184964.75,13,2,0
52,46786.46,98389.51,11,2,0
56,62866.02,5000.0,16,1,0
54,24518.07,82603.15,13,1,1
21,73699.09,174882.7,15,5,1
54,66469.48,74318.48,13,1,0
55,58848.91,209864.63,9,2,1
27,52192.71,68600.28,13,4,1
62,42104.92,150204.48,19,1,0
45,74554.26,182198.32,11,2,1
42,36578.2,147011.64,20,2,0
55,70237.92,37530.36,9,1,0
44,101489.03,63451.89,11,2,0
46,89710.43,190204.26,6,3,1
34,29897.44,71723.31,11,1,1
66,49265.24,178540.59,14,3,0
68,68429.01,94182.92,9,4,0
24,58594.36,128486.24,11,1,0
56,32011.89,36833.56,11,3,0
19,67706.32,83503.95,10,0,0
37,59799.66,67481.62,10,2,1
68,98286.51,133535.98,14,3,0
27,54935.43,125591.85,15,1,1
37,83360.07,147758.99,12,1,0
29,34658.23,90568.65,6,5,1
55,39439.81,64186.2,5,2,0
42,74433.24,130963.75,10,2,0
48,81674.62,58224.67,10,2,1
67,40852.15,184705.35,19,2,0
45,60481.55,113128.66,7,3,1
56,32368.42,100431.89,10,1,1
23,56375.6,147730.54,14,5,0
29,76738.46,115418.13,9,1,0
67,51300.83,20516.9,11,2,1
62,55019.31,56314.21,10,2,1
52,37404.09,183462.52,15,2,1
37,47032.83,125033.06,14,0,0
28,95162.22,19105.93,10,2,0
62,61458.5,141126.72,7,1,0
58,39953.84,86444.47,13,2,0
30,53704.56,67530.0,12,2,1
48,28051.45,51307.64,7,0,1
50,39716.81,179995.77,15,1,0
42,87206.79,5000.0,11,2,1
66,57150.35,69748.08,19,1,1
24,97814.6,127207.61,16,1,0
31,58093.04,214701.78,12,0,0
22,59280.43,153231.49,9,2,1
54,72817.88,69238.52,11,4,1
51,15000.0,211761.21,13,2,1
69,64098.79,38692.6,9,2,1
46,59020.27,135920.17,14,1,0
25,89720.78,149267.08,15,1,0
41,79293.59,67133.07,13,2,1
22,37326.17,161855.58,12,1,1
52,84842.77,89166.59,18,0,1
53,54753.71,161708.55,16,3,1
62,41910.94,9624.27,9,3,1
35,63942.07,140098.57,16,0,0
34,55944.61,95273.6,10,2,0
21,90769.31,188982.23,15,0,0
39,66812.44,117361.16,21,1,0
42,64113.18,194953.77,10,5,1
57,78012.94,150456.77,12,4,1
57,81857.43,112349.49,6,1,1
25,75672.1,167260.16,9,1,0
32,88389.27,167643.51,9,1,1
44,72173.65,148314.6,14,1,0
35,63353.03,5000.0,12,1,1
19,84783.44,61046.37,13,2,0
61,58182.08,203046.35,16,0,0
56,60664.93,44643.25,13,3,1
45,94431.54,172947.67,10,1,1
34,92438.48,162387.16,16,3,0
61,59836.48,76454.86,10,1,0
19,50928.97,5000.0,20,5,1
41,89263.47,85865.24,15,4,0
59,76008.37,244680.9,9,5,1
67,66311.63,68203.36,10,5,1
31,53562.55,72344.56,8,2,0
51,66633.93,60145.06,11,4,1
27,59565.83,192887.07,11,3,0
24,46713.24,105425.06,14,2,1
36,62580.85,82445.63,16,1,0
64,65308.48,204808.44,16,7,1
53,52492.1,154769.65,21,4,0
43,78076.51,64842.59,13,2,0
32,85776.65,46584.97,14,0,1
25,79397.95,189490.2,11,2,1
32,54475.03,121007.29,14,2,1
25,75116.43,27056.16,10,1,1
27,61559.23,13013.06,5,4,1
53,35285.08,53037.68,12,1,0
24,73454.59,45630.92,20,4,0
20,62922.63,5000.0,15,3,0
46,111870.96,54029.58,9,1,0
32,89145.42,64855.17,11,5,1
41,74223.0,92239.12,15,1,0
25,64983.41,221574.6,8,3,1
28,63274.45,103989.4,8,3,0
40,39926.21,109945.51,6,2,1
53,25220.26,150555.32,10,2,1
39,42548.82,105760.92,15,2,1
46,59045.66,144009.18,9,1,0
45,17889.21,136836.89,22,2,0
31,49113.56,127355.31,21,2,0
32,55047.74,285987.97,7,4,1
40,55691.47,174667.55,15,2,0
19,46765.53,55096.68,12,2,1
53,53169.72,142213.33,14,2,1
49,94477.88,72495.79,13,5,1
33,73242.91,146775.05,12,5,0
37,48793.98,37488.75,13,0,0
35,58633.04,53533.23,10,2,1
51,59433.73,140634.45,9,2,0
57,44640.89,179860.15,13,3,1
23,44617.4,150158.66,7,0,0
39,80210.48,171247.04,17,2,1
18,51604.31,142429.11,18,1,0
41,38106.07,130349.77,12,4,0
30,59137.19,89778.4,10,2,1
35,62360.2,168780.11,14,3,0
41,20545.92,181492.75,17,2,1
34,59185.07,116213.06,21,5,0
38,77359.6,112984.44,9,2,1
57,69024.59,215484.35,7,0,0
60,104595.9,118774.69,13,2,1
18,85022.19,124541.15,11,2,0
37,88978.68,149053.55,20,2,1
62,116001.72,114131.62,18,0,0
45,75163.13,70779.58,11,1,0
28,63261.4,142677.93,4,1,1
48,79474.81,117674.7,12,1,0
25,48815.27,230534.99,11,1,0
19,62153.73,167306.91,12,0,0
50,47045.45,84271.06,10,2,0
44,67959.69,163743.61,14,0,0
57,46961.82,138471.95,16,4,0
35,46261.43,198565.58,10,4,1
62,68269.47,88532.75,16,2,0
39,57245.77,131320.57,8,1,1
56,21449.58,114054.38,12,2,1
23,30888.86,123508.77,13,1,1
23,37054.67,66888.06,11,2,0
58,42340.56,154554.7,17,1,0
61,68288.47,145077.86,19,4,0
67,64378.78,197113.42,10,3,1
34,81305.59,119398.45,11,3,0
19,75056.04,95289.63,17,3,1
68,81438.06,167357.66,12,2,0
49,72167.92,72347.74,11,2,1
30,64193.59,185099.07,8,2,0
57,81987.03,184970.52,12,0,0
65,78388.26,195436.73,14,0,0
32,67521.91,142597.38,9,2,1
58,85421.44,90810.22,7,0,1
58,15000.0,126551.26,12,3,0
44,54190.74,142804.13,7,2,1
50,53884.19,86391.5,10,2,0
32,83053.66,199986.98,13,2,0
66,91427.9,154805.05,9,1,0
69,30996.41,66466.62,10,0,0
69,88223.34,232972.42,11,1,0
56,36571.1,125843.36,13,3,1
20,37175.7,54353.82,8,5,0
37,55314.29,70184.75,15,3,1
41,53635.87,209267.02,10,1,0
67,28831.65,229499.09,14,2,0
46,72997.56,180569.1,17,3,0
45,73588.05,199158.52,14,2,0
25,81080.83,192996.93,16,0,0
59,51330.89,153414.97,13,4,1
35,59208.35,139742.51,18,1,0
22,59391.46,152391.79,9,1,0
69,93759.91,164160.93,8,3,1
27,15000.0,75504.12,16,0,0
18,40861.11,163917.52,10,1,0
22,60110.82,207517.01,12,2,1
41,38288.6,107617.65,14,2,0
23,54833.59,101205.13,10,0,0
61,57478.49,148592.78,5,1,1
44,46846.28,81020.55,10,2,1
34,61289.38,40990.88,14,1,1
18,72562.99,188863.14,13,2,0
42,55274.67,92942.92,11,0,0
25,50936.11,121106.91,10,2,1
68,56684.7,83392.5,14,6,1
33,59851.27,196605.29,6,2,1
42,25193.61,171190.57,13,3,0
18,69231.08,105555.63,13,2,0
24,50979.98,49206.16,11,2,1
28,85230.7,99184.21,11,4,0
20,71821.07,154209.16,12,1,0
55,83401.33,131318.14,17,1,0
67,39779.92,126545.88,15,3,1
69,52572.27,132701.93,10,3,1
31,35150.83,165527.77,14,1,1
59,45896.18,117488.45,14,3,1
44,85042.11,147000.81,10,3,0
20,89749.81,60784.85,17,4,0
22,37037.33,273231.05,11,1,0
46,50834.45,102968.44,10,1,1
40,58476.09,132215.58,10,3,1
18,71712.11,153987.93,16,1,1
66,24803.79,95352.57,7,2,1
55,27940.0,120469.49,12,2,0
44,69792.52,119740.52,14,1,1
69,21019.23,65157.71,16,1,0
68,51064.05,146315.37,7,3,1
68,63241.84,21046.69,12,4,1
31,68313.32,225162.51,9,1,1
63,57165.64,167578.25,12,1,1
44,52684.87,158347.34,13,2,1
55,76891.42,15801.47,13,1,1
62,65704.12,72448.28,11,3,1
26,47059.67,203360.71,14,4,0
41,60754.46,369074.48,12,3,0
24,67663.38,191681.55,9,1,1
32,94364.74,182216.6,11,2,0
39,75726.47,151498.45,14,0,1
62,84291.14,69150.17,10,2,1
62,47787.85,179710.44,7,2,1
38,49516.34,53927.56,10,3,1
35,55292.4,47364.89,9,1,0
45,57128.55,43588.24,15,1,1
65,39839.5,178543.36,17,1,1
68,85318.67,116555.16,15,2,0
29,77667.03,126051.49,8,5,1
27,53886.44,119075.76,12,0,1
54,72834.21,52457.01,17,4,1
33,64457.98,79756.15,6,2,1
28,74396.56,82774.43,8,1,0
19,33113.86,35683.71,9,4,0
38,57086.78,89747.39,15,0,1
38,58839.23,55121.61,14,0,0
47,72472.84,154660.54,16,0,1
28,47431.25,159658.26,11,0,1
55,15000.0,42381.65,24,1,1
53,38366.01,102202.09,9,2,1
42,58779.04,231363.59,13,3,0
27,61277.68,61154.23,13,3,1
44,93674.96,145598.27,11,3,0
53,71654.93,126331.32,15,1,0
37,61630.61,185573.25,11,3,0
31,59352.17,137728.01,12,4,1
44,82083.67,94122.27,14,2,0
36,48197.79,124005.85,10,0,1
38,57194.32,124882.2,14,5,1
36,38214.84,114498.29,8,2,1
33,88378.12,40853.31,11,1,0
55,67849.98,194585.32,13,0,0
41,45849.53,183986.02,15,1,0
42,57710.9,57348.66,13,1,0
51,70193.02,101956.46,15,4,1
36,54985.62,106494.86,11,5,1
23,49310.59,50608.87,9,4,0
62,46914.53,7992.22,10,2,1
20,66779.24,79764.44,15,4,1
47,52838.91,98615.86,14,1,1
31,50924.85,33526.0,10,2,1
29,33278.76,130618.67,18,2,1
20,61552.81,189771.38,5,1,1
64,56375.53,170526.97,17,2,1
40,53567.03,112398.86,12,5,1
35,63975.41,9575.3,21,0,0
56,74960.05,162942.14,8,3,0
20,74031.31,128783.53,5,3,0
47,71054.57,145461.07,5,5,1
43,55186.59,236166.17,9,2,0
46,48660.03,70511.3,12,0,0
24,39121.69,5000.0,10,2,0
67,48136.87,56792.73,16,2,1
30,60393.0,149162.7,8,1,1
53,44274.28,121615.55,14,3,0
56,61921.14,47061.83,6,2,1
35,40690.87,34816.96,11,4,1
24,26780.16,98723.46,16,2,0
33,76388.12,45234.32,5,3,1
59,50511.71,151238.01,15,1,0
65,43259.33,95314.39,10,1,0
66,38123.06,82372.93,9,2,1
29,68460.72,74503.42,16,0,0
49,87498.15,135787.36,9,1,0
25,51938.52,122556.55,18,0,0
54,55688.73,132117.44,8,1,0
39,81432.64,130807.77,5,3,0
55,23791.09,115668.27,13,1,0
53,99337.37,58012.16,11,2,0
69,108882.01,76177.19,14,2,1
43,15000.0,96319.51,21,2,1
35,58049.94,243911.71,14,2,0
45,45621.06,39069.82,13,3,1
26,54704.56,94861.41,10,2,1
23,51632.3,125896.02,12,1,1
44,76235.18,101800.03,10,3,1
60,57748.6,184438.17,11,3,1
45,41781.86,101490.12,21,5,1
58,56556.3,105927.52,15,1,1
27,70295.68,168877.71,10,3,1
41,36325.57,228642.7,9,2,0
49,27075.33,204449.9,15,1,1
36,99854.86,111800.77,11,1,0
18,47151.47,117029.15,13,1,0
21,57252.94,122803.15,11,2,0
66,52044.09,128819.96,4,1,0
49,70961.75,69159.11,11,0,1
31,95455.8,176195.63,12,0,1
31,71598.68,132396.55,15,2,1
20,29632.7,117308.63,12,3,0
67,32317.53,43731.28,17,0,0
23,52020.7,123737.17,13,3,0
57,54635.34,6407.26,10,5,1
30,25560.97,85101.04,12,1,1
35,76386.82,86214.14,11,3,1
32,38273.59,137219.71,11,3,0
60,89866.03,232791.0,12,1,1
19,96412.65,154314.45,11,0,1
36,55034.93,206904.12,14,1,1
32,68779.45,158712.73,6,2,0
32,35361.06,187503.21,13,1,0
28,72473.53,231427.64,9,2,0
65,50036.15,76089.79,16,0,0
37,38255.29,72173.73,7,2,1
39,54213.3,160128.65,11,3,1
38,50685.04,119779.29,11,2,1
68,53496.81,133221.23,10,4,0
35,78993.6,105079.99,8,3,0
35,44293.85,84224.48,8,1,0
35,94700.46,217245.88,11,1,1
35,33498.81,54008.33,17,1,1
22,92308.61,161183.54,7,3,0
49,39669.79,151453.7,8,2,1
19,59979.74,25259.2,9,1,1
29,50196.08,70153.18,16,8,1
28,53125.43,80238.57,11,1,1
33,76027.14,153875.05,11,3,0
57,89996.54,97977.89,12,3,1
49,83810.49,114864.61,16,4,1
69,51902.87,32541.16,11,2,1
36,63685.1,259554.7,13,2,0
66,44358.44,124271.74,17,3,1
20,40168.99,149940.05,11,2,1
44,37073.98,87562.47,12,0,0
59,51248.53,80842.36,14,4,1
45,64992.11,234761.08,12,3,0
66,21763.7,5000.0,10,2,0
34,59072.93,136718.82,10,0,0
19,90320.5,47309.77,16,2,1
58,82438.22,95699.93,9,4,1
21,48296.32,81714.33,7,2,1
57,32062.54,60841.34,15,3,1
56,69196.61,122126.5,13,2,0
61,15000.0,5000.0,7,6,1
42,82203.08,101070.69,21,0,0
64,55728.25,114582.6,10,0,0
26,96626.01,38443.41,13,2,0
40,25460.69,210793.12,9,1,1
24,78362.92,84332.5,12,1,1
57,57989.82,105750.95,16,3,1
55,53378.99,84466.85,14,2,0
59,32603.13,115106.03,13,0,0
57,71914.96,198488.65,10,1,1
34,73522.75,268380.95,13,3,1
21,95702.56,164738.35,7,1,0
66,80161.01,185279.63,16,3,0
43,48122.09,222985.65,13,2,1
22,39922.75,134932.26,10,0,0
66,32630.17,214215.05,9,3,1
69,89464.49,167544.07,8,3,1
41,44436.51,128639.24,15,6,1
58,89604.6,141020.46,11,2,1
19,70501.44,10714.98,12,3,1
22,66598.06,137527.16,8,3,1
32,53862.63,27375.15,10,1,0
52,73213.46,22483.85,16,4,1
24,59690.58,131572.72,8,2,0
19,52615.73,53155.28,9,1,0
52,73920.1,119573.17,9,5,0
58,57120.56,128306.07,10,0,0
56,44033.3,130982.98,11,2,0
59,71996.54,65752.72,13,1,0
59,58720.29,173920.94,11,0,0
49,69778.2,114645.89,10,3,0
45,50922.8,146464.54,12,3,1
62,35817.57,48213.62,9,1,1
36,94701.48,109300.35,9,1,0
23,90932.23,185837.67,10,2,1
57,77675.7,178210.66,5,2,0
32,52243.79,72162.44,9,3,1
68,53993.64,87266.51,9,2,1
39,87646.55,60678.8,18,0,1
62,52923.4,80615.22,14,2,1
20,47348.88,36055.95,9,2,1
52,97444.69,111709.45,15,3,1
41,59046.45,157988.3,9,4,1
42,95368.51,72896.83,15,2,1
31,32032.16,114563.62,11,2,0
68,70363.7,106770.1,15,2,1
38,101421.65,183307.12,13,4,1
62,60595.01,83304.49,9,1,1
40,54719.91,85487.03,12,4,1
20,36644.96,69238.73,17,2,1
63,81646.86,51749.43,5,3,1
27,44597.44,151751.1,13,1,0
32,58103.83,111893.35,15,2,1
62,35309.95,123288.59,8,2,1
64,91137.89,196478.47,12,1,0
65,83097.71,199924.84,11,0,0
40,59368.31,21225.94,18,0,0
57,36917.02,158870.08,10,1,1
35,90718.14,133538.82,11,3,0
56,52681.37,92304.54,12,5,1
44,37895.9,139661.02,10,3,1
20,24757.64,16417.01,5,0,0
39,47080.7,207758.54,7,2,1
42,30907.24,150896.65,15,3,0
31,47543.58,68088.14,14,1,1
37,74888.17,84875.39,16,1,0
44,52492.0,17811.21,6,3,1
20,67113.87,101162.57,18,4,1
25,45533.31,91036.08,10,3,1
57,61303.38,40493.38,8,0,0
36,98418.02,166602.13,9,0,0
49,53030.28,196607.83,11,0,1
47,67688.59,118358.37,15,3,1
46,28689.46,101661.19,9,1,1
39,90402.12,146099.08,14,2,1
43,50455.87,118821.66,12,0,0
60,81010.67,55069.25,14,0,0
68,57536.39,80839.32,16,2,1
31,72231.59,102213.84,9,2,0
52,73420.25,134891.2,15,2,0
68,50951.19,120560.2,10,0,1
18,81838.13,132622.16,10,0,1
58,44820.3,28510.32,14,1,0
43,75558.68,159913.06,12,0,0
68,52195.89,120204.95,11,4,1
48,66991.16,273162.54,7,2,1
61,50760.14,96741.94,8,2,1
26,60999.52,139407.51,13,1,0
25,38506.13,289753.15,17,7,1
66,64951.14,131645.5,9,1,0
45,60883.76,115942.17,17,4,1
47,49196.93,60784.69,17,3,1
26,58899.44,211695.98,13,2,1
29,62680.09,50453.9,5,2,1
60,47672.86,145627.26,20,3,1
33,57424.83,91586.68,15,1,0
48,39888.96,108639.82,9,0,1
34,106914.66,34564.06,17,1,0
31,81182.37,200587.63,10,0,1
26,65461.88,103332.16,13,3,1
66,83442.26,47094.62,13,4,1
66,20414.95,195161.44,14,3,0
23,15000.0,89751.79,16,0,0
36,52014.18,140076.44,13,2,0
47,32428.72,170484.98,11,4,1
37,55267.89,148442.06,14,3,1
55,64113.13,5000.0,11,7,1
31,78408.29,161721.4,14,1,0
21,37234.72,113963.17,11,3,1
35,67992.61,100258.28,18,3,0
49,60287.79,113455.5,5,3,0
27,66950.19,23398.03,7,3,1
60,49604.56,131530.25,13,2,0
18,87662.7,38136.52,16,4,1
21,57929.83,102849.62,9,0,1
44,95483.64,129375.87,15,1,1
44,44192.23,184442.23,11,4,1
33,74856.55,70823.21,12,2,1
31,58806.63,207095.24,16,1,1
21,53445.15,176811.2,16,1,0
52,72646.31,94235.42,11,3,1
37,54016.53,53475.04,13,6,0
24,15000.0,33371.03,9,0,0
38,15000.0,136305.23,11,4,1
66,85448.44,75762.95,9,2,1
31,84605.17,191961.41,10,4,0
64,97746.82,79228.57,8,1,1
31,59649.44,65959.74,11,0,1
27,34147.3,134017.58,7,2,1
31,51608.32,78837.19,6,3,1
34,60228.49,120513.0,10,2,0
24,39859.24,179159.36,13,1,0
48,92971.49,127033.76,16,6,1
35,104790.06,127257.87,15,0,0
55,69565.61,132308.8,6,5,1
43,59782.73,18414.06,10,4,1
41,34100.66,143510.26,13,2,0
42,90928.68,129595.89,12,1,1
26,61526.14,173573.84,9,0,1
55,54216.71,156348.65,12,0,1
23,69623.48,107883.08,8,2,0
55,48285.77,181943.57,14,1,0
69,62937.5,102442.16,16,3,0
57,31150.66,134829.43,13,3,0
41,81741.74,101331.03,8,4,1
34,57911.78,147705.47,15,1,1
63,83176.02,97410.61,13,5,1
31,55977.28,218853.1,24,4,1
43,57276.01,241041.76,11,1,0
58,35753.65,172436.3,17,1,0
65,75195.14,212477.8,10,2,0
65,42483.2,27647.13,11,1,0
22,50271.55,34717.34,7,2,1
64,60020.94,100706.37,7,2,1
23,62424.48,122473.86,13,1,0
48,25878.06,108107.55,9,0,1
66,55383.88,21471.89,8,2,1
52,75904.6,189095.5,14,4,0
67,52433.24,249251.89,11,3,1
35,55505.36,196859.26,6,0,0
34,63248.12,185131.4,12,2,0
34,57480.79,133567.18,9,2,0
36,39389.69,69420.16,14,2,0
53,59273.08,124351.68,7,0,1
41,79881.46,246335.28,7,4,1
56,38976.48,98880.71,12,1,0
39,52510.36,92702.57,14,5,1
34,32367.37,186438.22,5,2,1
27,78827.64,190421.16,17,4,1
46,58152.84,69125.89,11,0,0
64,42996.01,104310.92,13,2,0
62,61845.31,89885.67,10,1,1
31,35928.0,124181.36,19,1,0
42,39330.09,186221.2,14,1,0
54,30797.33,71758.35,14,2,1
49,38664.42,185379.89,11,3,1
21,87146.75,126099.07,16,2,0
48,45337.63,259571.53,8,1,0
20,69324.5,139129.85,7,2,1
24,43273.97,114184.89,17,0,0
51,75190.67,154482.88,6,3,1
23,39478.36,99771.23,9,2,0
35,60784.56,12283.61,12,4,1
48,61057.03,105568.73,12,0,1
52,106556.11,104622.38,16,1,1
41,72608.51,24460.95,8,2,1
22,48141.92,115617.89,13,1,0
59,73700.98,5000.0,14,2,0
67,102763.49,99138.79,12,5,1
64,27407.28,134615.76,18,3,1
56,43150.36,125819.77,14,3,1
38,55262.05,95335.83,16,1,0
63,51658.24,114868.18,13,0,1
43,53344.87,72956.13,12,2,0
25,33915.35,120648.99,10,0,1
62,88079.12,123485.18,10,2,1
34,31547.83,65985.0,10,4,0
66,55995.74,136061.95,10,0,1
37,80916.61,135687.16,6,4,1
63,59396.3,110027.41,6,3,0
45,40412.12,265262.82,11,2,1
42,33026.49,111557.86,15,0,0
33,55400.02,103245.95,8,1,1
61,44859.41,94656.41,9,0,1
21,64104.62,61743.65,12,0,0
42,31970.98,161153.84,8,3,1
37,76260.71,78825.18,12,1,0
46,62310.99,85923.11,14,1,1
31,63796.73,87705.51,16,2,1
52,88821.54,60903.39,10,4,0
38,51244.09,14935.0,18,5,1
27,45483.67,92223.61,12,2,1
28,49044.73,172400.12,12,3,0
54,56149.47,131818.79,17,1,0
31,58180.7,213634.52,11,1,1
33,43386.05,165057.38,19,1,0
50,19538.29,151437.89,9,0,1
35,48781.42,232958.94,12,2,0
38,67196.51,114171.26,15,1,1
30,62725.17,123784.54,12,3,1
35,83991.09,119312.13,12,5,1
54,99109.73,212627.2,14,0,0
45,75186.68,120150.92,10,1,0
69,87650.41,81103.36,17,3,1
58,75335.49,155260.53,16,4,1
18,94197.99,71024.41,9,3,1
37,97017.07,152008.29,9,6,1
33,79023.3,144830.46,16,1,0
48,74127.6,108635.84,14,2,1
31,55895.36,153948.69,15,3,1
68,59173.25,30732.6,11,1,1
33,53243.25,129777.73,6,1,1
45,72425.03,92234.08,10,6,1
24,45593.04,291735.81,15,2,0
65,56177.88,129349.5,14,1,1
65,15000.0,84216.48,5,0,1
59,94461.8,37301.9,10,1,1
36,55590.51,198324.37,6,2,0
21,69111.61,98998.04,17,1,0
54,89155.73,72518.88,14,2,1
40,66005.87,140177.95,14,0,0
69,88886.87,158983.13,11,2,1
54,35165.24,158037.18,7,1,1
46,107947.53,121185.03,12,3,0
69,81742.2,129551.41,9,4,0
59,64184.05,133922.22,9,3,1
41,88501.59,140183.78,8,3,0
18,36627.3,145493.11,15,4,0
22,54227.7,185667.17,12,2,1
41,88885.01,123384.89,13,2,0
47,22658.8,70991.8,11,2,0
19,71209.16,111342.5,9,3,1
24,70643.52,165226.85,13,2,0
54,99384.52,12808.32,7,1,1
57,28340.89,13154.87,11,3,1
19,92192.62,175096.57,16,4,1
44,48810.59,211207.37,16,3,0
22,51059.81,44088.0,6,3,0
55,35559.91,126027.56,11,1,1
61,38242.96,96027.29,10,3,1
63,68070.45,104350.19,17,2,1
49,37753.36,138331.86,13,6,1
50,74805.69,42427.79,20,2,0
66,46740.68,53566.95,14,4,1
49,35739.32,101924.93,15,3,1
41,49443.82,111277.46,12,1,1
57,66734.14,52442.69,13,1,0
48,54452.93,167378.86,15,2,1
61,60684.2,94946.34,8,2,1
45,73924.15,94690.94,14,4,0
63,81648.43,136959.53,4,4,1
20,53798.09,112265.5,12,4,0
19,39115.56,170248.61,16,3,0
23,61521.89,63994.65,20,2,0
46,69412.99,36156.8,8,4,1
54,30785.49,101412.75,14,3,0
29,42187.83,123614.17,19,1,0
26,45616.26,45554.64,15,1,0
62,55843.56,36734.79,15,3,1
57,44779.32,130937.87,12,4,1
51,74140.81,74533.17,14,1,1
43,27897.34,32849.3,9,2,0
39,28405.63,177920.48,6,4,1
19,53322.22,82092.32,21,6,0
27,56486.94,188988.7,14,3,1
64,30907.12,121708.25,10,2,0
35,47865.02,137685.53,11,2,0
54,51979.12,107310.02,19,0,1
54,52134.04,5000.0,16,5,1
34,63037.63,51792.81,13,1,1
28,46768.42,112457.43,12,2,1
53,89556.73,141883.75,9,2,1
22,69764.09,12619.56,8,3,1
43,43857.73,116783.9,12,1,0
64,61890.23,52664.15,9,3,1
54,62480.31,134077.21,16,1,1
57,84294.43,118835.95,11,3,0
22,47992.35,164610.1,16,2,0
28,75346.77,184009.38,13,4,1
32,60837.09,147539.39,12,3,0
33,89831.33,171623.62,10,2,0
28,85817.83,98979.45,7,4,1
68,63939.59,289387.04,12,1,1
26,54754.35,46870.85,15,2,1
54,70132.12,88334.65,13,1,1
48,56391.0,174081.51,6,0,1
49,93606.14,165163.28,14,2,1
29,61569.4,149243.34,8,3,1
33,51887.15,160519.12,14,3,1
49,50807.7,5000.0,19,0,0
33,35739.29,215357.92,16,0,0
54,71131.18,107766.54,8,0,0
20,43599.78,194753.65,8,2,1
21,81962.97,5000.0,8,1,0
55,34141.3,135394.11,19,2,1
50,62544.83,86189.86,10,2,0
20,83004.48,154327.21,9,2,0
64,16955.06,139024.23,10,4,1
18,100365.31,141962.87,15,2,0
67,51494.3,56463.5,8,4,1
55,62821.91,116581.85,13,0,0
69,71428.98,109189.98,13,2,1
67,74522.58,149718.6,6,1,0
34,65477.68,179357.82,10,1,0
57,79947.69,129028.56,10,0,0
28,70381.41,43429.66,18,3,1
42,95217.62,126454.73,9,3,1
30,70446.55,276664.57,9,1,1
43,99292.71,218760.32,11,3,0
63,78021.58,5000.0,9,2,1
40,23885.0,123800.59,11,2,0
22,112222.05,175927.17,9,2,0
34,48513.12,109060.38,18,4,1
58,89910.88,92394.54,8,4,1
45,60535.87,103982.15,9,2,1
47,81221.81,153131.37,14,2,1
40,46230.42,51091.8,16,5,1
33,72514.89,191321.32,9,3,1
49,54936.19,116640.42,9,1,0
50,91580.06,63898.54,13,2,0
64,68773.36,187461.01,12,2,1
50,78718.85,27292.15,12,1,0
69,16718.46,86687.39,11,1,1
60,58288.55,85699.5,9,4,1
22,68211.03,248636.52,14,8,0
38,64472.3,78898.75,14,2,1
38,79223.14,5000.0,8,0,0
18,52681.92,85091.09,9,1,0
27,60975.74,147333.02,14,3,1
57,83624.54,167045.07,17,0,0
36,15000.0,256592.38,12,2,1
25,71787.01,204413.85,9,1,0
32,53322.3,131275.36,19,1,1
32,41753.64,66515.07,8,2,1
27,66730.88,217441.65,15,6,0
23,84549.03,97886.19,4,1,1
57,80782.88,80510.57,17,3,0
60,57297.74,94975.57,13,1,1
43,77514.82,44862.71,19,0,1
50,77361.36,92098.79,15,1,1
65,58252.57,106013.5,6,5,0
61,46138.39,163839.4,16,1,1
19,47295.32,96714.7,16,1,0
67,76757.07,43952.45,12,4,0
21,59157.06,23773.67,11,3,0
19,39076.36,132574.18,13,1,1
38,26302.74,124357.55,13,3,0
56,76636.63,86741.24,6,2,1
22,49064.43,91952.61,6,4,1
33,66607.76,143309.22,15,0,0
31,84794.14,203432.78,13,0,0
38,33821.51,73191.32,11,0,1
69,59097.25,125334.17,12,3,1
35,56586.12,177496.22,15,1,0
28,67594.86,73433.14,12,2,1
24,84783.2,119062.07,12,0,1
28,33410.96,117720.26,6,3,1
24,71395.96,41322.29,7,2,1
47,80630.48,130109.93,16,2,1
39,56272.46,121892.68,15,1,0
43,57251.06,153305.05,13,2,1
61,68368.99,48786.81,10,1,0
48,66896.34,120598.22,11,4,1
26,71647.05,202904.04,12,1,1
37,71225.61,244649.99,14,2,1
34,40360.55,196807.76,17,2,0
60,79805.33,49375.71,9,1,1
33,83335.66,147063.16,10,2,0
25,63721.66,91011.21,11,2,1
56,30116.89,137034.04,18,3,1
40,57705.09,73667.0,7,3,0
22,63888.12,17191.59,15,3,1
53,37108.0,99328.97,12,3,0
28,52797.24,163356.16,12,0,0
63,31812.61,137279.99,15,0,0
61,72145.84,144176.87,14,3,0
37,63319.11,132981.02,13,2,1
46,27084.34,144271.65,11,1,1
47,67029.3,151770.71,12,1,0
51,58869.82,103519.11,16,1,0
21,70328.29,124973.43,13,1,0
34,52169.35,224595.5,8,2,0
26,43970.41,128521.86,8,0,0
54,44583.11,122553.81,13,1,1
21,49236.6,126173.07,7,2,1
44,60376.5,106925.49,12,4,0
55,62959.17,93878.64,10,3,0
67,56185.6,132520.71,13,1,0
32,51533.61,89657.09,15,1,0
18,52971.93,111269.1,8,5,1
55,110154.5,72569.12,12,3,1
18,44585.5,126480.71,14,3,1
21,48840.56,155051.7,16,0,0
69,125877.08,107285.11,9,2,1
62,68420.27,5000.0,10,3,1
54,32400.39,155422.29,10,1,0
61,76853.74,127211.03,14,4,1
21,41799.22,60406.11,19,2,1
22,78181.23,166396.21,16,3,1
33,55780.75,36094.49,8,1,1
19,51204.08,182724.46,8,2,0
64,92183.3,116558.0,12,1,0
20,71328.03,5000.0,8,0,0
46,79459.79,130699.78,10,3,1
62,68698.39,95628.46,12,2,0
56,51111.11,86589.04,13,5,1
30,72227.09,75736.45,12,2,0
42,84184.31,112367.05,15,2,0
46,62694.76,90888.68,15,1,0
57,96032.85,8598.59,23,2,0
40,77009.74,196324.07,9,2,1
32,64239.65,105338.54,15,3,1
59,65029.73,76083.9,11,2,1
64,62744.74,52294.58,16,1,0
43,34975.22,166243.92,12,1,1
19,58198.56,42094.08,9,3,1
44,64423.73,128039.24,11,1,0
64,51678.3,84981.06,10,1,1
69,66753.54,88474.82,14,1,0
38,60426.15,53786.43,10,1,1
25,75473.84,82780.83,13,1,0
47,73262.25,120528.74,9,2,0
61,63343.07,134118.73,17,2,0
67,32655.74,72864.45,7,1,0
20,95814.45,114543.94,12,3,1
33,57162.18,173307.27,15,2,0
42,58382.27,20242.29,18,2,0
23,53149.58,119623.86,13,0,1
64,50231.77,62952.96,12,4,1
23,90881.16,56838.95,16,5,1
52,87720.89,135660.69,10,6,0
65,68887.87,87284.91,13,2,1
53,57850.0,46991.81,11,1,0
57,72382.36,199456.99,10,3,1
31,61475.94,175205.37,7,0,0
61,56195.54,5000.0,10,4,1
39,66762.12,31534.31,7,6,1
21,51176.85,155607.42,5,3,0
37,65045.29,102907.57,12,2,0
36,64084.42,210034.48,13,1,0
45,72058.72,156980.18,9,3,1
31,47617.26,137967.93,11,5,1
42,74202.73,58688.24,27,1,1
40,41873.77,149486.42,13,1,0
34,48548.67,43454.16,11,3,1
54,49421.5,198314.67,9,2,1
33,38558.96,145328.32,10,0,0
57,80313.25,70510.17,15,3,1
31,40618.95,168280.65,8,0,1
62,46021.67,254491.49,12,0,1
36,85108.15,106942.97,15,1,1
20,48588.35,153024.79,8,2,0
25,56237.15,94090.24,16,1,0
59,39759.42,125121.13,13,1,1
63,76659.02,29565.93,8,2,1
29,76934.72,119968.23,12,0,1
49,74778.92,122614.64,10,4,1
47,70750.6,227939.87,13,2,1
24,61471.78,12299.81,8,1,0
41,49512.47,103146.99,11,3,0
54,43700.61,197287.03,9,2,0
68,85798.11,105493.71,12,2,1
62,75296.09,109719.51,12,7,1
23,46133.92,70004.46,15,2,0
30,60796.64,64043.68,6,1,0
40,53997.7,10448.77,13,0,0
25,37435.79,82247.09,10,1,0
47,63553.03,60638.7,18,4,1
18,51690.15,127082.33,11,0,1
23,40949.27,72739.91,8,2,0
20,30417.35,91224.54,10,2,0
33,28723.93,92867.68,7,1,1
57,52571.48,117110.09,19,2,1
27,58298.1,88288.66,14,1,0
69,42493.98,56292.83,10,4,1
32,73014.79,125145.99,11,4,0
20,58689.07,184048.99,15,2,0
35,71537.71,127707.97,19,2,0
56,56341.78,83410.77,6,2,1
23,44257.65,112611.22,13,2,0
21,62282.35,5000.0,16,2,1
62,34746.51,111635.84,15,0,0
48,70788.77,95978.74,20,2,0
35,41257.02,63992.38,13,4,1
57,78364.65,74874.1,12,1,0
61,53230.89,95385.93,4,3,1
36,81250.67,179547.5,12,3,0
47,37547.54,185523.63,13,2,0
18,46444.61,64312.49,3,2,0
33,67618.7,88915.36,14,2,1
48,83409.94,90444.6,13,2,1
28,93332.18,168572.73,11,0,1
69,60827.32,128730.39,17,4,0
68,96754.91,125567.39,14,3,0
31,54206.71,152175.76,13,1,0
38,81975.35,84215.2,11,4,1
27,41156.38,201833.19,15,3,0
44,68404.01,119895.32,10,1,1
24,15000.0,68645.25,9,2,0
38,37568.18,106221.59,9,2,1
46,69333.54,193915.7,5,2,1
49,33751.22,94491.47,20,0,0
49,68538.99,176973.47,16,1,1
29,78129.16,82479.25,10,3,1
59,49973.6,74060.18,12,3,1
53,40620.94,159575.84,11,1,1
57,50516.27,67561.65,11,0,0
42,40683.75,169352.42,15,3,0
64,57975.73,141097.56,9,0,0
38,62041.81,67584.36,12,0,0
59,53879.8,115713.44,12,2,0
28,93487.18,87073.54,6,1,0
30,45611.92,140938.59,12,2,0
45,87828.66,233267.89,16,3,1
46,39175.22,97757.72,16,2,0
56,61455.55,152026.58,14,0,0
33,83662.11,121466.44,12,3,0
63,82627.14,121443.46,12,0,0
35,51594.84,110087.69,13,4,1
45,71101.39,68554.95,13,3,0
66,68423.58,140108.4,17,2,1
46,49201.22,102675.5,14,3,0
53,72319.0,65711.99,11,1,1
65,97249.84,180850.4,18,5,1
68,69434.01,125940.58,19,4,1
43,71327.13,106314.06,14,4,0
39,73443.1,200403.4,12,2,1
28,30780.47,9835.11,14,4,0
45,69204.49,196369.25,15,2,0
65,39664.81,67188.72,10,2,1
43,48202.26,132691.95,9,3,0
36,103238.84,84716.17,11,4,1
23,54934.77,64619.94,10,1,1
38,45196.52,198833.19,9,0,0
30,83051.65,231372.99,14,2,1
68,41046.46,106726.46,20,3,1
45,51051.62,140128.48,10,2,1
25,84981.04,123419.48,13,2,0
21,60855.35,223830.41,9,3,1
62,28768.06,5000.0,10,4,1
66,70879.79,142627.41,13,5,0
57,52070.68,76372.42,11,2,0
24,90797.03,5000.0,12,1,1
23,47876.26,98368.19,4,5,0
28,81024.52,230882.93,9,3,1
57,95513.96,80637.05,8,2,1
57,42981.14,167445.93,14,1,1
61,56135.74,191920.33,18,3,0
23,67772.51,119238.19,14,5,1
25,42853.08,127227.34,12,3,1
64,65405.9,17022.13,8,2,0
66,55501.59,77030.17,8,2,1
55,55098.65,174420.46,12,2,0
23,60978.77,123640.75,4,0,0
21,61425.29,142040.49,3,3,0
20,63277.62,127989.45,8,5,1
53,48023.47,251520.24,13,3,1
61,48896.57,94168.81,9,4,0
50,57628.25,216324.6,3,2,0
31,59104.85,128010.19,16,1,0
57,51223.01,221651.94,17,1,0
21,66478.79,46501.31,7,1,1
61,23704.77,131079.13,11,3,1
64,45390.67,96378.79,12,1,1
55,54401.44,128368.34,10,2,0
63,42877.7,193342.58,10,0,0
48,92583.96,142728.58,8,4,1
42,60377.24,193222.96,15,3,1
34,63535.39,79786.73,13,3,0
65,50335.39,70629.93,13,2,1
54,59684.42,120966.3,9,3,1
27,35694.93,117680.87,5,0,1
67,56603.66,108848.44,14,2,0
21,41259.83,62482.1,11,2,0
48,54451.93,191919.1,10,1,1
27,15000.0,98229.77,16,2,0
52,37439.94,205564.69,15,4,0
39,89278.53,120764.6,8,0,0
40,76607.95,158905.74,14,2,0
52,86380.79,153462.58,15,4,1
57,87754.43,70543.52,13,1,0
37,73459.75,142032.18,9,2,1
69,50942.63,235699.98,5,1,0
43,39254.98,135096.74,13,3,0
26,82934.89,174076.6,14,3,1
18,61291.36,161596.31,6,2,0
28,109880.46,138422.98,9,1,0
53,52698.04,131188.72,10,0,0
46,99457.92,152838.93,12,5,0
35,56864.16,165796.95,10,1,0
43,86720.97,38870.16,9,2,0
61,93933.83,134838.17,9,0,0
47,39541.0,108955.33,16,1,1
21,50300.04,96508.39,8,4,1
20,39340.42,197757.86,8,3,1
43,35401.11,76011.23,7,0,1
39,73341.34,36313.86,18,2,0
62,56067.43,167742.97,17,3,1
48,61047.33,34776.37,8,3,1
57,71124.78,5000.0,12,2,1
48,22852.26,174496.06,12,0,1
35,85735.32,129523.34,7,1,0
52,53018.12,148363.18,15,1,1
50,70648.03,93454.35,11,0,1
55,72414.26,36935.63,12,5,1
27,87415.93,48852.77,12,4,1
51,57902.85,103668.67,9,3,1
32,17527.25,43655.83,14,4,0
59,61142.55,138423.17,9,2,1
59,64014.14,92252.52,15,1,1
50,39314.78,131102.16,13,3,1
67,62949.81,129308.89,16,3,1
45,52779.63,143207.97,17,0,1
19,33144.92,149968.95,12,1,1
49,73429.7,99365.96,12,2,1
58,48725.5,131038.16,13,2,0
23,51872.42,134160.49,12,0,0
23,50748.42,5000.0,13,2,1
32,84709.57,158791.54,10,0,0
61,59181.68,128996.53,11,2,0
45,61582.0,153842.93,15,4,0
68,51187.28,42789.38,9,2,0
63,69257.34,101053.61,15,1,0
46,86986.36,54508.23,11,5,1
53,72957.22,164676.08,15,1,0
35,73737.34,35693.01,15,0,0
22,72124.6,64280.71,12,1,1
38,32395.15,152058.85,12,2,0
48,42477.62,82237.53,25,5,1
27,55900.25,64296.56,21,1,1
29,45482.72,174403.17,14,3,0
18,38709.26,176862.71,10,2,0
56,22556.49,163324.27,11,3,0
64,33069.42,170922.58,11,4,0
61,54869.49,106105.24,16,3,1
37,58611.47,107724.42,10,0,1
48,44138.92,81115.12,17,2,0
67,61578.5,130063.75,15,4,1
48,51323.33,88326.1,9,4,1
33,81811.47,94016.03,27,2,0
35,56767.48,155994.03,7,1,1
55,73926.62,191072.35,15,0,0
41,64064.28,143895.62,9,0,0
61,31958.58,227658.95,13,1,0
62,58186.84,77669.07,15,5,0
19,35287.52,9721.52,13,2,1
55,57837.58,162877.67,6,0,0
37,45097.38,73689.99,12,1,1
45,67639.26,103578.47,16,1,0
31,33152.91,13812.21,15,0,1
37,60294.04,66047.39,6,2,1
35,71448.31,29866.36,17,1,0
20,78151.91,93941.8,12,4,1
58,44716.64,96326.91,7,3,0
25,60355.02,125397.62,11,5,0
37,63682.94,194383.38,18,4,1
28,90942.53,160614.38,12,2,1
26,30373.4,22669.82,9,2,0
37,41777.95,156480.93,11,2,1
65,116089.25,126705.28,16,4,1
67,54538.05,114130.41,19,3,1
37,22180.12,118638.03,4,2,1
44,48349.0,132273.15,9,2,0
69,15000.0,78486.79,9,1,0
30,64818.41,109058.95,9,3,0
67,76195.7,191036.35,15,3,0
23,41766.75,77765.65,6,0,1
29,50585.52,58206.72,15,3,0
35,78473.08,116297.56,15,3,0
19,24995.69,52166.01,17,5,1
60,33568.58,16633.01,12,2,0
62,55437.7,99331.97,12,2,0
37,44953.3,206917.31,15,0,0
61,54122.66,117683.75,8,4,1
58,34724.99,130714.63,15,0,1
59,64286.27,5000.0,13,0,0
59,57015.34,146287.53,11,2,1
47,70983.81,125601.95,17,0,0
23,64007.99,80105.11,7,2,1
66,64133.8,130803.03,14,3,1
49,31073.85,130207.3,9,2,1
64,69851.83,56430.72,14,1,0
67,53382.67,139911.22,12,2,0
27,56668.03,191828.13,10,2,0
38,80965.29,106323.51,10,2,1
28,45611.29,67944.35,10,3,1
20,87023.69,109345.2,18,2,0
68,88889.51,171276.79,10,1,1
66,75055.69,46420.87,15,1,0
66,40387.58,154713.5,14,3,1
63,16274.14,79319.13,14,0,0
51,81576.7,134523.78,11,2,0
45,62227.7,86140.12,18,0,1
69,45096.05,85978.98,17,4,0
46,83471.25,211385.69,7,0,0
51,42768.82,35454.8,18,1,0
29,51516.89,149121.97,7,2,1
56,70497.81,223879.46,11,2,0
60,37727.94,161131.32,9,2,0
53,57810.38,40134.18,12,0,0
43,81782.74,43105.17,10,3,0
